"","family_id","w1_comm_parent","w1_comm_child","w2_comm_parent","w2_comm_child","w1_satis_parent","w1_satis_child","w2_satis_parent","w2_satis_child"
"1",1,5.19620070431333,5.87327766114496,6.03473918272914,6.53473918272914,7.7271563079821,8.40423326481373,8.56569478639792,9.06569478639792
"2",2,5.5139349359983,4.39938584833069,5.45666039216449,5.95666039216449,7.1403592393954,6.0258101517278,7.0830846955616,7.5830846955616
"3",3,6.6171413612013,6.04293632645326,6.83003884382728,7.33003884382728,7.08064871475069,6.50644368000265,7.29354619737667,7.79354619737667
"4",4,5.48152729311425,3.81885823578143,5.15019276444784,5.65019276444784,8.00381218149071,6.34114312415789,7.6724776528243,8.1724776528243
"5",5,4.53945445856555,4.55368251475791,5.04656848666173,5.54656848666173,6.65308796309011,6.66731601928247,7.16020199118629,7.66020199118629
"6",6,3.07846329523392,2.28241226493092,3.18043778008242,3.68043778008242,4.95331061144978,4.15725958114678,5.05528509629828,5.55528509629828
"7",7,5.09934895373188,6.0067518839531,6.05305041884249,6.55305041884249,6.74849086019664,7.65589379041787,7.70219232530725,8.20219232530725
"8",8,4.25974672179844,5.28627500505759,5.27301086342802,5.77301086342802,6.21717332331334,7.24370160657249,7.23043746494292,7.73043746494292
"9",9,3.5219470654583,1.97988614923244,3.25091660734537,3.75091660734537,5.61744193692172,4.07538102069586,5.34641147880879,5.84641147880879
"10",10,4.77226398859816,4.91760725824313,5.34493562342064,5.84493562342064,6.22477817655642,6.37012144620139,6.79744981137891,7.29744981137891
"11",11,6.27089658925123,5.54076438603505,6.40583048764314,6.90583048764314,8.4401755412156,7.71004333799942,8.57510943960751,9.07510943960751
"12",12,5.5022429380508,5.10510145523802,5.80367219664441,6.30367219664441,7.11675237804742,6.71961089523465,7.41818163664104,7.91818163664104
"13",13,4.39981849599427,5.05529142079671,5.22755495839549,5.72755495839549,7.15198871081206,7.8074616356145,7.97972517321328,8.47972517321328
"14",14,6.03162774679905,7.2271757433496,7.12940174507433,7.62940174507433,8.29410927397422,9.48965727052477,9.39188327224949,9.89188327224949
"15",15,5.25513356331713,4.8847239509504,5.56992875713377,6.06992875713377,7.48940102038589,7.11899140801916,7.80419621420252,8.30419621420252
"16",16,3.32802900296681,3.39108105812195,3.85955503054438,4.35955503054438,5.44636583484022,5.50941788999536,5.97789186241779,6.47789186241779
"17",17,4.62024639793788,2.45081111471857,4.03552875632822,4.53552875632822,6.86525322510395,4.69581794188464,6.28053558349429,6.78053558349429
"18",18,3.63821746490551,3.7227506891911,4.18048407704831,4.68048407704831,6.24762269516729,6.33215591945288,6.78988930731008,7.28988930731008
"19",19,3.96206877790427,2.32110564433297,3.64158721111862,4.14158721111862,7.08037357482439,5.43941044125309,6.75989200803874,7.25989200803874
"20",20,5.44204245003998,5.67587360784929,6.05895802894463,6.55895802894463,7.23673122385864,7.47056238166795,7.85364680276329,8.35364680276329
"21",21,3.21953643529189,2.58290036198883,3.40121839864036,3.90121839864036,5.24753688109263,4.61090080778957,5.4292188444411,5.9292188444411
"22",22,5.3705121101518,5.76408197039391,6.06729704027286,6.56729704027286,8.26250730911905,8.65607716936116,8.9592922392401,9.4592922392401
"23",23,5.53903993104078,6.90996866829305,6.72450429966692,7.22450429966692,7.70966321517549,9.08059195242776,8.89512758380162,9.39512758380162
"24",24,4.6650300768443,4.66359103660831,5.1643105567263,5.6643105567263,6.26449593984447,6.26305689960848,6.76377641972647,7.26377641972647
"25",25,3.59115589722705,1.68136697164616,3.13626143443661,3.63626143443661,5.45136850694002,3.54157958135914,4.99647404414958,5.49647404414958
"26",26,6.0276288589008,4.83833065547981,5.9329797571903,6.4329797571903,8.30863040353755,7.11933220011657,8.21398130182706,8.71398130182706
"27",27,3.83087762437132,5.33731050105346,5.08409406271239,5.58409406271239,6.13218987355532,7.63862275023746,7.38540631189639,7.88540631189639
"28",28,4.97542709096226,4.72818795483034,5.3518075228963,5.8518075228963,6.1004330376305,5.85319390149858,6.47681346956454,6.97681346956454
"29",29,5.0235564162107,5.29610652978924,5.65983147299997,6.15983147299997,7.6210311435025,7.89358125708104,8.25730620029177,8.75730620029177
"30",30,3.89517228764048,4.24255458883062,4.56886343823555,5.06886343823555,5.98984911514674,6.33723141633688,6.66354026574181,7.16354026574181
"31",31,3.99822051093323,1.51780955044725,3.25801503069024,3.75801503069024,6.19605878369039,3.7156478232044,5.4558533034474,5.9558533034474
"32",32,3.90398870989399,5.28631923803924,5.09515397396661,5.59515397396661,6.44644035994655,7.8287708880918,7.63760562401917,8.13760562401917
"33",33,5.62426407487517,5.7574715009717,6.19086778792344,6.69086778792344,6.15622611366572,6.28943353976226,6.72282982671399,7.22282982671399
"34",34,5.15487609256613,5.81414375981126,5.98450992618869,6.48450992618869,7.68578857355857,8.34505624080369,8.51542240718113,9.01542240718113
"35",35,3.99902944150954,3.1446936515843,4.07186154654692,4.57186154654692,5.7294953189447,4.87515952901946,5.80232742398208,6.30232742398208
"36",36,3.75616620301557,4.38648845067008,4.57132732684283,5.07132732684283,5.93772495058777,6.56804719824228,6.75288607441502,7.25288607441502
"37",37,4.3050551661351,6.19938670845182,5.75222093729346,6.25222093729346,6.25781928244951,8.15215082476622,7.70498505360787,8.20498505360787
"38",38,3.67897066393607,4.07085250326309,4.37491158359958,4.87491158359958,6.16299952923106,6.55488136855809,6.85894044889457,7.35894044889457
"39",39,5.39127279721533,5.82865392104184,6.10996335912859,6.60996335912859,6.43510967902904,6.87249080285554,7.15380024094229,7.65380024094229
"40",40,4.46330452815028,3.03396324252539,4.24863388533783,4.74863388533783,5.79213682226204,4.36279553663715,5.57746617944959,6.07746617944959
"41",41,5.42663935597677,4.36389706299815,5.39526820948746,5.89526820948746,8.09320795456461,7.030465661586,8.0618368080753,8.5618368080753
"42",42,3.71566709718874,3.30790147866533,4.01178428792703,4.51178428792703,5.8349195616485,5.42715394312508,6.13103675238679,6.63103675238679
"43",43,5.6982622981087,4.60587228396008,5.65206729103439,6.15206729103439,8.10918495395784,7.01679493980921,8.06298994688353,8.56298994688353
"44",44,4.8160140618094,5.51173357095868,5.66387381638404,6.16387381638404,6.24730264824554,6.94302215739482,7.09516240282018,7.59516240282018
"45",45,6.93765535230434,7.81442162497985,7.87603848864209,8.37603848864209,9.47728147003205,10.3540477427076,10.4156646063698,10.9156646063698
"46",46,5.8153853966781,6.19524408863562,6.50531474265686,7.00531474265686,7.74274105473629,8.12259974669382,8.43267040071505,8.93267040071505
"47",47,2.75983665650821,3.86501190432892,3.81242428041856,4.31242428041856,4.93579279375804,6.04096804157876,5.9883804176684,6.4883804176684
"48",48,5.18229698157654,5.76347139522083,5.97288418839869,6.47288418839869,7.50232781261707,8.08350222626136,8.29291501943921,8.79291501943921
"49",49,3.30598457682077,3.40254399996288,3.85426428839182,4.35426428839182,5.54194763542932,5.63850705857143,6.09022734700038,6.59022734700038
"50",50,6.98221548542256,7.20452496272912,7.59337022407584,8.09337022407584,8.71525366454185,8.93756314184841,9.32640840319513,9.82640840319513
"51",51,4.62020459280494,3.39054467249027,4.50537463264761,5.00537463264761,6.61408971151228,5.3844297911976,6.49925975135494,6.99925975135494
"52",52,4.54597468682547,3.961252308479,4.75361349765223,5.25361349765223,5.89173736257437,5.3070149842279,6.09937617340113,6.59937617340113
"53",53,4.97518039603626,5.58166106049009,5.77842072826317,6.27842072826317,6.43706399917391,7.04354466362775,7.24030433140083,7.74030433140083
"54",54,6.85147921769146,4.85326225586958,6.35237073678052,6.85237073678052,7.90264969053036,5.90443272870849,7.40354120961943,7.90354120961943
"55",55,4.86339384183089,1.70509522922711,3.784244535529,4.284244535529,6.72357565608272,3.56527704347894,5.64442634978083,6.14442634978083
"56",56,3.9045385029316,3.93996128857734,4.42224989575447,4.92224989575447,5.40774222400216,5.44316500964791,5.92545361682503,6.42545361682503
"57",57,4.49797700446485,4.53117711341207,5.01457705893846,5.51457705893846,6.5790890299448,6.61228913889202,7.09568908441841,7.59568908441841
"58",58,5.76658758435017,6.34541619920137,6.55600189177577,7.05600189177577,8.49858041942181,9.07740903427301,9.28799472684741,9.78799472684741
"59",59,4.9525569574575,5.0755233948762,5.51404017616685,6.01404017616685,6.66581941298382,6.78878585040252,7.22730263169317,7.72730263169317
"60",60,4.53714735859347,3.85300724822296,4.69507730340821,5.19507730340821,6.06725445773982,5.38311434736931,6.22518440255456,6.72518440255456
"61",61,5.80666854727717,4.93640046715013,5.87153450721365,6.37153450721365,7.63045979780798,6.76019171768095,7.69532575774446,8.19532575774446
"62",62,5.12132588170431,6.80218451942712,6.46175520056572,6.96175520056572,6.99792166272793,8.67878030045074,8.33835098158933,8.83835098158933
"63",63,5.01725066761789,5.43944363431859,5.72834715096824,6.22834715096824,7.56694359741908,7.98913656411977,8.27804008076943,8.77804008076943
"64",64,5.70292584740117,5.5580631655461,6.13049450647363,6.63049450647363,8.19233529484989,8.04747261299482,8.61990395392236,9.11990395392236
"65",65,5.37477641997291,5.79880567735378,6.08679104866335,6.58679104866335,7.4561474240579,7.88017668143877,8.16816205274833,8.66816205274833
"66",66,4.61136960842244,5.26395921707045,5.43766441274644,5.93766441274644,6.59412661415539,7.2467162228034,7.42042141847939,7.92042141847939
"67",67,4.58768410345011,4.12735505790637,4.85751958067824,5.35751958067824,6.54023977453041,6.07991072898667,6.81007525175854,7.31007525175854
"68",68,3.59394722332497,2.82171321995362,3.70783022163929,4.20783022163929,6.50403646092035,5.731802457549,6.61791945923468,7.11791945923468
"69",69,4.17349208875456,4.34612730277142,4.75980969576299,5.25980969576299,6.70972496687777,6.88236018089463,7.2960425738862,7.7960425738862
"70",70,4.79760527748431,3.57040862083725,4.68400694916078,5.18400694916078,6.92357597058716,5.6963793139401,6.80997764226363,7.30997764226363
"71",71,5.21803493516372,4.34638785478213,5.28221139497293,5.78221139497293,7.29265165618437,6.42100457580277,7.35682811599357,7.85682811599357
"72",72,4.16058856261038,3.81759405630744,4.48909130945891,4.98909130945891,7.21397529102203,6.87098078471909,7.54247803787056,8.04247803787056
"73",73,4.79018115563163,5.036888968427,5.41353506202932,5.91353506202932,7.25637130753893,7.50307912033429,7.87972521393661,8.37972521393661
"74",74,3.67707794477759,3.63367569774054,4.15537682125906,4.65537682125906,6.10095379105916,6.05755154402211,6.57925266754063,7.07925266754063
"75",75,5.68975574040336,5.05256430341141,5.87116002190739,6.37116002190739,6.96906583635868,6.33187439936673,7.1504701178627,7.6504701178627
"76",76,6.79458452061105,7.29780325084138,7.54619388572622,8.04619388572622,8.5013851816768,9.00460391190714,9.25299454679197,9.75299454679197
"77",77,5.31956727974145,3.89577820989355,5.1076727448175,5.6076727448175,7.32956007015456,5.90577100030665,7.1176655352306,7.6176655352306
"78",78,6.80379395525125,7.2719150681692,7.53785451171023,8.03785451171023,8.14914324626929,8.61726435918724,8.88320380272826,9.38320380272826
"79",79,3.675136422763,3.00458078884337,3.83985860580318,4.33985860580318,6.4422471720201,5.77169153810048,6.60696935506029,7.10696935506029
"80",80,4.37778697496389,7.05330397083965,6.21554547290177,6.71554547290177,5.46710054529875,8.1426175411745,7.30485904323662,7.80485904323662
"81",81,4.6172817477724,3.81442353587754,4.71585264182497,5.21585264182497,6.5275127641277,5.72465455223283,6.62608365818026,7.12608365818026
"82",82,7.48491333551826,7.23851535712118,7.86171434631972,8.36171434631972,9.5978650832482,9.35146710485112,9.97466609404966,10.4746660940497
"83",83,5.20232831532759,5.17566511705685,5.68899671619222,6.18899671619222,7.09199294206944,7.06532974379869,7.57866134293406,8.07866134293406
"84",84,6.20479348986645,6.03711189052513,6.62095269019579,7.12095269019579,8.21111811634025,8.04343651699892,8.62727731666958,9.12727731666958
"85",85,5.14361113758744,5.58525018091823,5.86443065925283,6.36443065925283,6.87548438095474,7.31712342428553,7.59630390262013,8.09630390262013
"86",86,5.88408318045401,6.12689390768194,6.50548854406798,7.00548854406798,6.92430185568491,7.16711258291284,7.54570721929888,8.04570721929888
"87",87,4.97280968295939,5.63156296983335,5.80218632639637,6.30218632639637,6.87616733950242,7.53492062637639,7.7055439829394,8.2055439829394
"88",88,4.98884317139766,4.23258070392128,5.11071193765947,5.61071193765947,7.14452956474296,6.38826709726658,7.26639833100477,7.76639833100477
"89",89,4.48294535735133,4.4800866686896,4.98151601302047,5.48151601302047,6.01875174211389,6.01589305345217,6.51732239778303,7.01732239778303
"90",90,5.28414308823391,4.61207510037227,5.44810909430309,5.94810909430309,7.40041355436673,6.72834556650509,7.56437956043591,8.06437956043591
"91",91,6.3407010491232,6.2414142701108,6.791057659617,7.291057659617,8.51625262131819,8.4169658423058,8.966609231812,9.466609231812
"92",92,5.25272372201496,3.16105415878163,4.70688894039829,5.20688894039829,8.10489019191625,6.01322062868292,7.55905541029959,8.05905541029959
"93",93,6.60278363070379,6.3604657404943,6.98162468559905,7.48162468559905,8.34907249586941,8.10675460565993,8.72791355076467,9.22791355076467
"94",94,4.03546603557524,5.62288560744223,5.32917582150873,5.82917582150873,6.83687396196091,8.4242935338279,8.1305837478944,8.6305837478944
"95",95,6.12085608014411,7.08404555727536,7.10245081870974,7.60245081870974,7.84517054853106,8.80836002566231,8.82676528709668,9.32676528709668
"96",96,5.1057490890539,5.08576968858844,5.59575938882117,6.09575938882117,7.5468870929157,7.52690769245024,8.03689739268297,8.53689739268297
"97",97,3.74299155182768,3.91315070480051,4.32807112831409,4.82807112831409,5.87103079614303,6.04118994911585,6.45611037262944,6.95611037262944
"98",98,4.91593662568993,5.14274467332171,5.52934064950582,6.02934064950582,6.60885314583101,6.83566119346279,7.2222571696469,7.7222571696469
"99",99,5.34807243722583,7.40177508067146,6.87492375894864,7.37492375894864,8.02743637261624,10.0811390160619,9.55428769433906,10.0542876943391
"100",100,6.3249359452842,5.75329950809562,6.53911772668991,7.03911772668991,8.66421795901513,8.09258152182655,8.87839974042084,9.37839974042084
"101",101,4.0768462580679,3.67930550778626,4.37807588292708,4.87807588292708,6.4443714578485,6.04683070756686,6.74560108270768,7.24560108270768
"102",102,5.4853728187793,5.39383678933416,5.93960480405673,6.43960480405673,6.99433733829571,6.90280130885058,7.44856932357315,7.94856932357315
"103",103,4.54921523066453,4.27690675796142,4.91306099431297,5.41306099431297,6.20917178243948,5.93686330973637,6.57301754608793,7.07301754608793
"104",104,5.65289644724016,6.09519172957089,6.37404408840552,6.87404408840552,7.52593594607721,7.96823122840794,8.24708358724258,8.74708358724258
"105",105,5.90908181185131,4.00680525011767,5.45794353098449,5.95794353098449,7.61415516987254,5.7118786081389,7.16301688900572,7.66301688900572
"106",106,5.87548746099202,5.70571866647829,6.29060306373515,6.79060306373515,7.56267288555255,7.39290409103883,7.97778848829569,8.47778848829569
"107",107,5.21462619843694,4.26241275048049,5.23851947445871,5.73851947445871,7.83218872568878,6.87997527773233,7.85608200171055,8.35608200171055
"108",108,3.95991997047217,3.82409016471455,4.39200506759336,4.89200506759336,6.26866474022906,6.13283493447143,6.70074983735024,7.20074983735024
"109",109,4.98883838670668,4.54234760283365,5.26559299477017,5.76559299477017,7.21405185190731,6.76756106803429,7.4908064599708,7.9908064599708
"110",110,4.48639893111254,4.01470541338549,4.75055217224901,5.25055217224901,6.7404098541889,6.26871633646185,7.00456309532537,7.50456309532537
"111",111,4.34574508528168,4.0218237920085,4.68378443864509,5.18378443864509,6.27780450682018,5.953883213547,6.61584386018359,7.11584386018359
"112",112,3.84411428933004,5.28335791784877,5.0637361035894,5.5637361035894,6.56819947591616,8.00744310443488,7.78782129017552,8.28782129017552
"113",113,6.19301933068558,6.37236034635355,6.78268983851957,7.28268983851957,7.98378409586458,8.16312511153254,8.57345460369856,9.07345460369856
"114",114,4.88442502000064,4.88201276466023,5.38321889233043,5.88321889233043,6.42156036838301,6.41914811304261,6.92035424071281,7.42035424071281
"115",115,5.53744410786937,4.53736638805376,5.53740524796156,6.03740524796156,6.94453214053528,5.94445442071966,6.94449328062747,7.44449328062747
"116",116,4.05716016629821,4.43180827201613,4.74448421915717,5.24448421915717,5.87682496100383,6.25147306672175,6.56414901386279,7.06414901386279
"117",117,5.45657609497223,6.14423721002037,6.3004066524963,6.8004066524963,7.99923447638285,8.68689559143099,8.84306503390692,9.34306503390692
"118",118,3.34501543377991,2.69556268931195,3.52028906154593,4.02028906154593,5.18022066837657,4.53076792390861,5.35549429614259,5.85549429614259
"119",119,5.88866552903355,6.39451123014489,6.64158837958922,7.14158837958922,7.87152314827338,8.37736884938472,8.62444599882905,9.12444599882905
"120",120,4.47313752240164,2.42753985495074,3.95033868867619,4.45033868867619,5.38336335827742,3.33776569082652,4.86056452455197,5.36056452455197
"121",121,2.96418962518201,3.21901306932404,3.59160134725303,4.09160134725303,5.32977059258204,5.58459403672408,5.95718231465306,6.45718231465306
"122",122,5.603484355313,3.79282691510877,5.19815563521088,5.69815563521088,7.89546806998634,6.08481062978211,7.49013934988422,7.99013934988422
"123",123,4.57773937630581,5.27954129337363,5.42864033483972,5.92864033483972,7.13664668483448,7.8384486019023,7.98754764336839,8.48754764336839
"124",124,4.70076172918245,5.63825672829369,5.66950922873807,6.16950922873807,6.58975971927234,7.52725471838357,7.55850721882795,8.05850721882795
"125",125,3.28471540862708,2.0224171280637,3.15356626834539,3.65356626834539,5.1883702738308,3.92607199326742,5.05722113354911,5.55722113354911
"126",126,5.25870103625732,4.91333750067458,5.58601926846595,6.08601926846595,7.40126903550452,7.05590549992178,7.72858726771315,8.22858726771315
"127",127,5.38468089357152,4.45387990704748,5.4192804003095,5.9192804003095,7.16602327519813,6.23522228867408,7.20062278193611,7.70062278193611
"128",128,6.51792230332252,7.54283059479611,7.53037644905932,8.03037644905931,8.25554161124447,9.28044990271805,9.26799575698126,9.76799575698126
"129",129,4.79677170812644,2.44919317262621,4.12298244037633,4.62298244037633,6.58740083629947,4.23982230079924,5.91361156854936,6.41361156854936
"130",130,4.58599315849717,2.83460991747811,4.21030153798764,4.71030153798764,6.66931757137629,4.91793433035723,6.29362595086676,6.79362595086676
"131",131,5.59965567066298,5.24335604328711,5.92150585697505,6.42150585697505,7.11112079696565,6.75482116958978,7.43297098327772,7.93297098327772
"132",132,4.61175317172877,5.93691962746489,5.77433639959683,6.27433639959683,7.1470059873639,8.47217244310001,8.30958921523195,8.80958921523195
"133",133,6.49253475027586,6.35498822711108,6.92376148869347,7.42376148869347,8.33088209453763,8.19333557137286,8.76210883295524,9.26210883295524
"134",134,3.77018947400486,3.8880068566981,4.32909816535148,4.82909816535148,6.08488404522704,6.20270142792029,6.64379273657366,7.14379273657366
"135",135,4.85418613422934,4.53933007002017,5.19675810212476,5.69675810212476,5.88023176165098,5.5653756974418,6.22280372954639,6.72280372954639
"136",136,4.75040338707865,5.33931795665796,5.5448606718683,6.0448606718683,7.4489545265809,8.03786909616022,8.24341181137056,8.74341181137056
"137",137,5.30126263116403,4.56298564237981,5.43212413677192,5.93212413677192,6.99276358134472,6.2544865925605,7.12362508695261,7.62362508695261
"138",138,5.97091505805025,5.92274008472128,6.44682757138576,6.94682757138576,7.66604844317657,7.6178734698476,8.14196095651208,8.64196095651208
"139",139,6.08867548525323,5.64704085607236,6.3678581706628,6.8678581706628,8.5045005174379,8.06286588825703,8.78368320284746,9.28368320284746
"140",140,4.08312394453159,3.97996647507952,4.53154520980556,5.03154520980556,5.95476344488907,5.851605975437,6.40318471016303,6.90318471016303
"141",141,5.00436502291533,7.52033624377577,6.76235063334555,7.26235063334555,6.76007557811393,9.27604679897436,8.51806118854414,9.01806118854414
"142",142,5.39298343778643,5.50299442846764,5.94798893312704,6.44798893312704,7.51968550070993,7.62969649139113,8.07469099605053,8.57469099605053
"143",143,5.90744352066956,5.49831579064275,6.20287965565616,6.70287965565616,7.83680561902102,7.42767788899421,8.13224175400761,8.63224175400761
"144",144,4.89769653602725,4.83016133011998,5.36392893307362,5.86392893307362,7.2306812775598,7.16314607165253,7.69691367460616,8.19691367460616
"145",145,4.50968019463627,5.09710790191518,5.30339404827573,5.80339404827573,6.47865112973655,7.06607883701546,7.272364983376,7.772364983376
"146",146,3.62556937718673,4.25527617550043,4.44042277634358,4.94042277634358,5.06787890277105,5.69758570108475,5.8827323019279,6.3827323019279
"147",147,4.49193156360502,5.49660169846705,5.49426663103603,5.99426663103603,7.0870007629332,8.09167089779523,8.08933583036421,8.58933583036421
"148",148,4.62412394650941,5.76410137629513,5.69411266140227,6.19411266140227,5.76924917438999,6.90922660417571,6.83923788928285,7.33923788928285
"149",149,3.96012840251892,5.7787207386882,5.36942457060356,5.86942457060356,6.19269907308715,8.01129140925643,7.60199524117179,8.10199524117179
"150",150,5.1206477553675,6.74737614008953,6.43401194772851,6.93401194772851,6.59160278626357,8.2183311709856,7.90496697862459,8.40496697862459
"151",151,5.5000233969146,5.11899206452583,5.80950773072021,6.30950773072021,8.12763590111735,7.74660456872858,8.43712023492296,8.93712023492296
"152",152,4.54646366397051,4.62698950003787,5.08672658200419,5.58672658200419,6.78779635588389,6.86832219195125,7.32805927391757,7.82805927391757
"153",153,3.76480284404177,4.37051590226231,4.56765937315204,5.06765937315204,6.1346138299771,6.74032688819764,6.93747035908737,7.43747035908737
"154",154,4.69924258307464,5.8755354573909,5.78738902023277,6.28738902023277,7.06490218720697,8.24119506152324,8.1530486243651,8.6530486243651
"155",155,6.18675633688316,7.17935338189321,7.18305485938818,7.68305485938818,8.13775946577179,9.13035651078184,9.13405798827682,9.63405798827682
"156",156,5.9209026475482,7.41267041221549,7.16678652988184,7.66678652988184,7.79264366904483,9.28441143371213,9.03852755137848,9.53852755137848
"157",157,4.27406089798162,5.45041390470054,5.36223740134108,5.86223740134108,6.32586478716066,7.50221779387958,7.41404129052012,7.91404129052012
"158",158,5.11278628608918,6.09272966236054,6.10275797422486,6.60275797422486,7.67265283065371,8.65259620692506,8.66262451878939,9.16262451878939
"159",159,6.16096597362257,2.88861534120949,5.02479065741603,5.52479065741603,7.97769775871818,4.7053471263051,6.84152244251164,7.34152244251164
"160",160,4.743380411816,3.87382407459256,4.80860224320428,5.30860224320428,6.56639814870011,5.69684181147666,6.63161998008838,7.13161998008838
"161",161,4.72261096501826,4.3798287860834,5.05121987555083,5.55121987555083,7.12840646492328,6.78562428598842,7.45701537545585,7.95701537545585
"162",162,3.15223183482736,2.79707237801404,3.4746521064207,3.9746521064207,4.91377172808875,4.55861227127543,5.23619199968209,5.73619199968209
"163",163,6.17479474356199,6.87041435832345,7.02260455094272,7.52260455094272,8.67044065348156,9.36606026824302,9.51825046086229,10.0182504608623
"164",164,3.1571639028066,2.60944991004741,3.383306906427,3.883306906427,5.21612844313277,4.66841445037358,5.44227144675317,5.94227144675317
"165",165,6.74591817567968,6.38844991699936,7.06718404633952,7.56718404633952,9.52392940310179,9.16646114442147,9.84519527376163,10.3451952737616
"166",166,5.09920024625753,4.20355657474771,5.15137841050262,5.65137841050262,6.90851155310132,6.0128678815915,6.96068971734641,7.46068971734641
"167",167,5.46706075880132,6.42028203736116,6.44367139808124,6.94367139808124,7.86034097102286,8.8135622495827,8.83695161030278,9.33695161030278
"168",168,3.7304353596128,5.64671017194264,5.18857276577772,5.68857276577772,5.09907106026214,7.01534587259197,6.55720846642705,7.05720846642705
"169",169,4.34662316147468,3.39280799957898,4.36971558052683,4.86971558052683,6.31215678735189,5.35834162545619,6.33524920640404,6.83524920640404
"170",170,4.37988362791523,4.81439329118158,5.0971384595484,5.5971384595484,5.1672269622221,5.60173662548846,5.88448179385528,6.38448179385528
"171",171,4.791000850512,3.73282556545197,4.76191320798199,5.26191320798199,7.08710468058343,6.02892939552341,7.05801703805342,7.55801703805342
"172",172,4.71543570839429,4.67638549118892,5.1959105997916,5.6959105997916,6.58483702229798,6.5457868050926,7.06531191369529,7.56531191369529
"173",173,3.43053794230965,3.15920242204774,3.7948701821787,4.2948701821787,5.38470080627808,5.11336528601617,5.74903304614713,6.24903304614713
"174",174,5.15151059280014,5.14565714870517,5.64858387075265,6.14858387075265,7.33340636549032,7.32755292139535,7.83047964344284,8.33047964344284
"175",175,3.13817481382515,3.75921939508741,3.94869710445628,4.44869710445628,4.71249034983603,5.33353493109828,5.52301264046715,6.02301264046715
"176",176,5.00138698689362,5.77094231174018,5.8861646493169,6.3861646493169,7.15926035784145,7.928815682688,8.04403802026473,8.54403802026473
"177",177,3.61127884343977,4.28607050018109,4.44867467181043,4.94867467181043,4.99537220946956,5.67016386621088,5.83276803784022,6.33276803784022
"178",178,4.71816495310447,4.56369825788452,5.1409316054945,5.6409316054945,5.49956270487225,5.3450960096523,5.92232935726228,6.42232935726228
"179",179,4.03032361947376,4.9671137670147,4.99871869324423,5.49871869324423,6.04434953008318,6.98113967762412,7.01274460385365,7.51274460385365
"180",180,4.59486115653087,4.46227099078158,5.02856607365623,5.52856607365623,6.69716392856886,6.56457376281957,7.13086884569422,7.63086884569422
"181",181,4.83387101470001,3.82557732810143,4.82972417140072,5.32972417140072,6.55577864081207,5.54748495421349,6.55163179751278,7.05163179751278
"182",182,5.16848298753268,3.3824634648106,4.77547322617164,5.27547322617164,7.32497253990004,5.53895301717797,6.931962778539,7.431962778539
"183",183,4.39848753698863,5.55988490602289,5.47918622150576,5.97918622150576,6.23106868426033,7.39246605329459,7.31176736877746,7.81176736877746
"184",184,5.84826474173614,5.9334139204991,6.39083933111762,6.89083933111762,8.34051753284329,8.42566671160624,8.88309212222476,9.38309212222476
"185",185,4.82368786160723,3.00631958925033,4.41500372542878,4.91500372542878,6.9691506478884,5.1517823755315,6.56046651170995,7.06046651170995
"186",186,5.72189517287713,5.73814770344443,6.23002143816078,6.73002143816078,7.85853084894478,7.87478337951208,8.36665711422843,8.86665711422843
"187",187,6.3913728287645,5.52005002099195,6.45571142487823,6.95571142487823,7.22714200461783,6.35581919684527,7.29148060073155,7.79148060073155
"188",188,7.61823168879404,8.93272072338041,8.77547620608723,9.27547620608723,9.84744617787431,11.1619352124607,11.0046906951675,11.5046906951675
"189",189,5.36821175596513,5.90245934331274,6.13533554963893,6.63533554963893,7.46535312917638,7.99960071652399,8.23247692285019,8.73247692285019
"190",190,2.25104897951451,1.07016309523402,2.16060603737426,2.66060603737426,3.93460574046747,2.75371985618698,3.84416279832723,4.34416279832723
"191",191,4.806529173327,4.32389136304434,5.06521026818567,5.56521026818567,6.89960623653364,6.41696842625098,7.15828733139231,7.65828733139231
"192",192,4.14453652380773,3.81280074233404,4.47866863307088,4.97866863307088,5.90849430771212,5.57675852623842,6.24262641697527,6.74262641697527
"193",193,5.14255481321845,3.83824001325717,4.99039741323781,5.49039741323781,7.28850341072603,5.98418861076475,7.13634601074539,7.63634601074539
"194",194,4.50521702013254,3.82144972634252,4.66333337323753,5.16333337323753,5.78536686269804,5.10159956890802,5.94348321580303,6.44348321580303
"195",195,4.02253900525091,4.28925878432039,4.65589889478565,5.15589889478565,6.27510626500536,6.54182604407484,6.9084661545401,7.4084661545401
"196",196,5.00120800260219,3.66958078252028,4.83539439256124,5.33539439256124,7.08372793687816,5.75210071679624,6.9179143268372,7.4179143268372
"197",197,5.51236696242967,5.02943517358474,5.77090106800721,6.27090106800721,7.88638441474157,7.40345262589664,8.14491852031911,8.64491852031911
"198",198,4.60985009420242,6.38684376629726,5.99834693024984,6.49834693024984,5.78863990969196,7.5656335817868,7.17713674573938,7.67713674573938
"199",199,4.22719774165579,4.84191769602237,5.03455771883908,5.53455771883908,5.93557484639231,6.5502948007589,6.74293482357561,7.24293482357561
"200",200,4.79881969733084,6.75667284756812,6.27774627244948,6.77774627244948,7.14871781558945,9.10657096582674,8.62764439070809,9.12764439070809
"201",201,4.33889120876548,4.05546875312599,4.69717998094574,5.19717998094574,6.94100685273395,6.65758439709446,7.29929562491421,7.79929562491421
"202",202,5.23527656724432,4.82311180600141,5.52919418662286,6.02919418662286,6.93163866206103,6.51947390081811,7.22555628143957,7.72555628143957
"203",203,3.79157116039876,4.70262552788321,4.74709834414099,5.24709834414099,5.91082061563503,6.82187498311949,6.86634779937726,7.36634779937726
"204",204,4.49033498568146,4.23070439995172,4.86051969281659,5.36051969281659,6.26779408936163,6.00816350363189,6.63797879649676,7.13797879649676
"205",205,7.77556083981555,6.76290608873296,7.76923346427426,8.26923346427425,9.00661377559051,7.99395902450793,9.00028640004922,9.50028640004922
"206",206,5.15678259441604,6.15185661167497,6.1543196030455,6.6543196030455,6.66093015101101,7.65600416826994,7.65846715964047,8.15846715964047
"207",207,4.36751471388338,4.45729620643815,4.91240546016076,5.41240546016076,6.33399018649987,6.42377167905463,6.87888093277725,7.37888093277725
"208",208,6.48457592851592,6.39734171023134,6.94095881937363,7.44095881937363,8.46641024731668,8.3791760290321,8.92279313817439,9.42279313817439
"209",209,4.20441163551982,3.49067303289071,4.34754233420527,4.84754233420527,6.33979238601446,5.62605378338535,6.48292308469991,6.98292308469991
"210",210,5.65089337673173,5.8999980216363,6.27544569918401,6.77544569918401,8.36545827850413,8.6145629234087,8.99001060095642,9.49001060095642
"211",211,4.96263858416506,4.32404640654611,5.14334249535559,5.64334249535559,6.85503742897356,6.21644525135462,7.03574134016409,7.53574134016409
"212",212,6.65055153948724,7.17543629654224,7.41299391801474,7.91299391801474,8.81525842934724,9.34014318640225,9.57770080787475,10.0777008078747
"213",213,5.88510755747136,4.84065814178597,5.86288284962867,6.36288284962867,7.27184910211459,6.22739968642921,7.2496243942719,7.7496243942719
"214",214,4.67205528391161,3.94050741154853,4.80628134773007,5.30628134773007,6.75283570311618,6.02128783075311,6.88706176693465,7.38706176693465
"215",215,6.18286365205455,7.13408634406096,7.15847499805776,7.65847499805776,8.11150079693541,9.06272348894181,9.08711214293861,9.58711214293861
"216",216,3.4442082209977,1.634259139381,3.03923368018935,3.53923368018935,4.29462605692382,2.48467697530711,3.88965151611546,4.38965151611546
"217",217,4.1241230237589,3.17650563087368,4.15031432731629,4.65031432731629,5.35780149137045,4.41018409848523,5.38399279492784,5.88399279492784
"218",218,4.81197905001727,6.01434320224647,5.91316112613187,6.41316112613187,6.70874662667777,7.91111077890697,7.80992870279236,8.30992870279237
"219",219,5.3965180278644,3.87286832978322,5.13469317882381,5.63469317882381,7.17890879918906,5.65525910110789,6.91708395014847,7.41708395014847
"220",220,4.9549364063517,5.47639657590056,5.71566649112613,6.21566649112613,6.83185079947941,7.35331096902826,7.59258088425384,8.09258088425383
"221",221,5.49388118443145,5.58866968353855,6.041275433985,6.541275433985,7.58184980611695,7.67663830522405,8.1292440556705,8.6292440556705
"222",222,4.28354681576482,3.7410612357309,4.51230402574786,5.01230402574786,6.43670798190685,5.89422240187293,6.66546519188989,7.16546519188989
"223",223,5.11867685355399,5.46139915397923,5.79003800376661,6.29003800376661,6.74301529900385,7.0857375994291,7.41437644921647,7.91437644921647
"224",224,5.23103800157543,6.23272762333778,6.2318828124566,6.7318828124566,6.79730723061337,7.79899685237572,7.79815204149455,8.29815204149455
"225",225,5.95261380742339,5.81986290272004,6.38623835507172,6.88623835507172,7.76232448285985,7.6295735781565,8.19594903050817,8.69594903050817
"226",226,4.9455527976224,5.18906924844113,5.56731102303177,6.06731102303177,6.83144164922579,7.07495810004452,7.45319987463516,7.95319987463516
"227",227,6.2237245076257,6.83869986286044,7.03121218524307,7.53121218524307,7.9653125552363,8.58028791047104,8.77280023285367,9.27280023285367
"228",228,5.66655599313629,5.30120628477379,5.98388113895504,6.48388113895504,8.20834942090939,7.84299971254689,8.52567456672814,9.02567456672814
"229",229,4.83226603078594,6.86257238129705,6.34741920604149,6.84741920604149,6.67732641750503,8.70763276801614,8.19247959276058,8.69247959276058
"230",230,7.03134786800997,7.17277416702887,7.60206101751942,8.10206101751942,8.62542376401482,8.76685006303373,9.19613691352427,9.69613691352427
"231",231,6.10985658384347,3.98976087022921,5.54980872703634,6.04980872703634,8.25575875213415,6.13566303851989,7.69571089532702,8.19571089532702
"232",232,4.14003290355688,4.58619556733523,4.86311423544606,5.36311423544606,6.36781139655383,6.81397406033218,7.09089272844301,7.59089272844301
"233",233,5.72578889125702,6.54892209168616,6.63735549147159,7.13735549147159,7.78495289000894,8.60808609043809,8.69651949022351,9.19651949022351
"234",234,2.64139994109482,1.7800345458005,2.71071724344766,3.21071724344766,4.19242515030823,3.33105975501391,4.26174245266107,4.76174245266107
"235",235,4.4850324759863,6.5623476428283,6.0236900594073,6.5236900594073,7.25000050513497,9.32731567197697,8.78865808855597,9.28865808855597
"236",236,4.79009649891555,3.9214511384347,4.85577381867512,5.35577381867512,6.59544090893619,5.72679554845534,6.66111822869576,7.16111822869576
"237",237,3.77237785787552,5.82199748970675,5.29718767379113,5.79718767379113,5.548423217838,7.59804284966923,7.07323303375361,7.57323303375361
"238",238,3.33974671067787,1.31997640073914,2.82986155570851,3.32986155570851,4.71592107862914,2.69615076869041,4.20603592365978,4.70603592365978
"239",239,3.5875644783831,3.99952162135925,4.29354304987117,4.79354304987117,6.23428914396885,6.646246286945,6.94026771545693,7.44026771545693
"240",240,6.0661763277455,6.26890006504942,6.66753819639746,7.16753819639746,8.84947166739826,9.05219540470218,9.45083353605022,9.95083353605022
"241",241,4.44253517951396,5.83463452389506,5.63858485170451,6.13858485170451,6.94948160259928,8.34158094698038,8.14553127478983,8.64553127478983
"242",242,6.74609865681222,8.2827679215252,8.01443328916871,8.51443328916871,8.44512449186141,9.98179375657439,9.7134591242179,10.2134591242179
"243",243,4.84319060186396,4.73446339326635,5.28882699756516,5.78882699756516,6.50958163157503,6.40085442297743,6.95521802727623,7.45521802727623
"244",244,5.23609850886897,4.01746814247197,5.12678332567047,5.62678332567047,6.67697945271838,5.45834908632137,6.56766426951987,7.06766426951987
"245",245,6.63821301323111,7.19997478109024,7.41909389716068,7.91909389716068,8.55224019922676,9.11400196708589,9.33312108315633,9.83312108315633
"246",246,3.52690952655028,4.09829499046343,4.31260225850686,4.81260225850686,5.40120276802486,5.97258823193801,6.18689549998143,6.68689549998143
"247",247,5.72963926569991,6.52947077782643,6.62955502176317,7.12955502176317,8.14441746903387,8.94424898116039,9.04433322509713,9.54433322509713
"248",248,4.42229912316982,3.99865606837037,4.71047759577009,5.21047759577009,6.17261113505526,5.74896808025581,6.46078960765554,6.96078960765554
"249",249,4.75229819089761,4.02571442892514,4.88900630991137,5.38900630991137,7.13362615688996,6.40704239491749,7.27033427590373,7.77033427590373
"250",250,3.43583259304568,3.00355895851415,3.71969577577991,4.21969577577991,5.79080116902504,5.35852753449352,6.07466435175928,6.57466435175928
"251",251,3.53789644830467,3.50607090068573,4.0219836744952,4.5219836744952,5.26532809055549,5.23350254293655,5.74941531674602,6.24941531674602
"252",252,5.12363048273706,4.55890906306416,5.34126977290061,5.84126977290061,7.27017728648724,6.70545586681434,7.48781657665079,7.98781657665079
"253",253,5.55631558242262,7.64786252329238,7.1020890528575,7.6020890528575,7.74499360629564,9.8365405471654,9.29076707673052,9.79076707673052
"254",254,5.92067785131728,6.38387201359389,6.65227493245558,7.15227493245558,7.00757838852259,7.4707725507992,7.73917546966089,8.23917546966089
"255",255,3.75886255837264,4.85546904758165,4.80716580297714,5.30716580297714,4.879848969802,5.97645545901102,5.92815221440651,6.42815221440651
"256",256,6.19579773415449,6.565846161739,6.88082194794675,7.38082194794675,8.35937960592229,8.7294280335068,9.04440381971455,9.54440381971455
"257",257,5.47089188392423,5.82608267800666,6.14848728096544,6.64848728096544,7.76069416033419,8.11588495441662,8.4382895573754,8.9382895573754
"258",258,6.9927171359689,7.15821071966007,7.57546392781449,8.07546392781449,9.6151612469851,9.78065483067628,10.1979080388307,10.6979080388307
"259",259,4.14727277419049,3.66270946802562,4.40499112110806,4.90499112110806,5.73381461832665,5.24925131216179,5.99153296524422,6.49153296524422
"260",260,6.69308878327608,7.92049552972645,7.80679215650127,8.30679215650127,8.99464543500583,10.2220521814562,10.108348808231,10.608348808231
"261",261,3.53608549311206,2.31184499350038,3.42396524330622,3.92396524330622,6.44597832194831,5.22173782233663,6.33385807214247,6.83385807214247
"262",262,4.17597382983779,4.58715899984289,4.88156641484034,5.38156641484034,6.14515190306101,6.55633707306611,6.85074448806356,7.35074448806356
"263",263,4.29411802588139,3.7451291498357,4.51962358785855,5.01962358785855,6.17277498090171,5.62378610485602,6.39828054287886,6.89828054287886
"264",264,5.74976446202033,5.90093414226119,6.32534930214076,6.82534930214076,7.31965008171486,7.47081976195571,7.89523492183528,8.39523492183528
"265",265,4.43575703313789,6.34394662601197,5.88985182957493,6.38985182957493,7.1414667826088,9.04965637548288,8.59556157904584,9.09556157904584
"266",266,5.28523668363207,3.81782241400705,5.05152954881956,5.55152954881956,7.34207885950973,5.87466458988471,7.10837172469722,7.60837172469722
"267",267,5.03292101364634,5.26517519270607,5.6490481031762,6.1490481031762,6.56101349004368,6.79326766910341,7.17714057957354,7.67714057957354
"268",268,5.42271858955174,5.92388978333435,6.17330418644304,6.67330418644304,8.06465197261658,8.5658231663992,8.81523756950789,9.31523756950789
"269",269,4.85911117198704,5.03211457135376,5.4456128716704,5.9456128716704,5.81359950864655,5.98660290801326,6.4001012083299,6.9001012083299
"270",270,5.32243599477306,4.34036369024494,5.331399842509,5.831399842509,6.94070148170899,5.95862917718086,6.94966532944492,7.44966532944492
"271",271,4.51128759907423,5.45017765605282,5.48073262756352,5.98073262756352,6.7288796777491,7.66776973472769,7.69832470623839,8.1983247062384
"272",272,5.0434573506908,3.9213738273961,4.98241558904345,5.48241558904345,6.68849374978295,5.56641022648825,6.6274519881356,7.1274519881356
"273",273,5.49730286646604,5.58253059597598,6.03991673122101,6.53991673122101,8.10767979804335,8.1929075275533,8.65029366279832,9.15029366279832
"274",274,5.93807544595743,6.27388223929902,6.60597884262823,7.10597884262823,8.48793272073658,8.82373951407817,9.15583611740738,9.65583611740738
"275",275,4.55618007476508,6.52780028087798,6.04199017782153,6.54199017782153,5.86032283103891,7.83194303715181,7.34613293409536,7.84613293409536
"276",276,4.12714855772729,4.54757957330972,4.83736406551851,5.33736406551851,5.62768038177617,6.04811139735859,6.33789588956738,6.83789588956738
"277",277,5.61839853591378,4.43991865141375,5.52915859366377,6.02915859366377,7.82503635111095,6.64655646661092,7.73579640886094,8.23579640886094
"278",278,5.80518532427194,8.1557402780928,7.48046280118237,7.98046280118237,8.33536837614334,10.6859233299642,10.0106458530538,10.5106458530538
"279",279,5.75024184397178,3.13268724738634,4.94146454567906,5.44146454567906,7.46125227204356,4.84369767545813,6.65247497375085,7.15247497375085
"280",280,5.16358262853861,6.85920736427676,6.51139499640769,7.01139499640769,7.52760754467218,9.22323228041034,8.87541991254126,9.37541991254126
"281",281,4.88311874809271,5.5500566694671,5.7165877087799,6.2165877087799,6.82878599967783,7.49572392105221,7.66225496036502,8.16225496036502
"282",282,3.41182914955285,4.24698864932232,4.32940889943758,4.82940889943758,5.53455524720667,6.36971474697614,6.4521349970914,6.9521349970914
"283",283,2.24707808926481,4.04056134258618,3.64381971592549,4.14381971592549,3.81615975350351,5.60964300682488,5.2129013801642,5.7129013801642
"284",284,5.61809097183746,6.04992173065538,6.33400635124642,6.83400635124642,7.66309334776488,8.0949241065828,8.37900872717384,8.87900872717384
"285",285,5.59818515376005,6.3679414557451,6.48306330475258,6.98306330475258,8.23557878284631,9.00533508483137,9.12045693383884,9.62045693383884
"286",286,5.63899892317252,5.11207493858365,5.87553693087809,6.37553693087809,6.74281186606864,6.21588788147977,6.9793498737742,7.4793498737742
"287",287,6.06554025700936,6.90408882127597,6.98481453914267,7.48481453914267,8.7596976755544,9.59824623982101,9.6789719576877,10.1789719576877
"288",288,3.98645472647883,5.34378297643867,5.16511885145875,5.66511885145875,6.0821756154448,7.43950386540464,7.26083974042472,7.76083974042472
"289",289,4.4000250216387,4.69863241744909,5.04932871954389,5.54932871954389,6.3280083931644,6.62661578897479,6.9773120910696,7.4773120910696
"290",290,3.99381566230424,2.43731337802024,3.71556452016224,4.21556452016224,5.70837936234399,4.15187707805999,5.43012822020199,5.93012822020199
"291",291,5.43062790268642,4.77640662758555,5.60351726513599,6.10351726513599,7.38152312982579,6.72730185472492,7.55441249227536,8.05441249227536
"292",292,5.66640557198832,5.26569457347484,5.96605007273158,6.46605007273158,7.11608106824079,6.71537006972731,7.41572556898405,7.91572556898405
"293",293,3.66197815213944,3.82202881149658,4.24200348181801,4.74200348181801,5.10618456325167,5.26623522260882,5.68620989293025,6.18620989293025
"294",294,3.82762579796052,4.38144165034892,4.60453372415472,5.10453372415472,6.05690570016957,6.61072155255798,6.83381362636377,7.33381362636377
"295",295,6.03842108074672,4.26608146699295,5.65225127386983,6.15225127386983,7.88694339507309,6.11460378131932,7.50077358819621,8.00077358819621
"296",296,3.90299762663761,3.7694491348363,4.33622338073695,4.83622338073695,5.06604254614925,4.93249405434794,5.49926830024859,5.99926830024859
"297",297,3.97018126923103,4.29122604064952,4.63070365494028,5.13070365494028,7.14214009725892,7.46318486867741,7.80266248296817,8.30266248296817
"298",298,4.97956708400793,4.81127194453244,5.39541951427018,5.89541951427018,6.7620114221907,6.59371628271521,7.17786385245296,7.67786385245296
"299",299,4.28753170420992,6.08966006504053,5.68859588462522,6.18859588462522,6.48449570245117,8.28662406328178,7.88555988286648,8.38555988286648
"300",300,5.7952464112935,3.80988094311722,5.30256367720536,5.80256367720536,8.62827899162096,6.64291352344468,8.13559625753282,8.63559625753282
"301",301,5.6856767116125,5.59823476110436,6.14195573635843,6.64195573635843,8.15884937280857,8.07140742230043,8.6151283975545,9.1151283975545
"302",302,4.8771971201406,4.721292593033,5.2992448565868,5.7992448565868,6.89576576354704,6.73986123643944,7.31781349999324,7.81781349999324
"303",303,5.71917124835602,6.68964222737478,6.7044067378654,7.2044067378654,7.41519207549524,8.385663054514,8.40042756500462,8.90042756500462
"304",304,5.72390702840995,5.72296604011088,6.22343653426041,6.72343653426041,7.89277888720783,7.89183789890877,8.3923083930583,8.8923083930583
"305",305,4.04137887473471,5.51358817862967,5.27748352668219,5.77748352668219,5.96313799072933,7.4353472946243,7.19924264267681,7.69924264267681
"306",306,5.25080882052467,5.39956236215809,5.82518559134138,6.32518559134138,6.95660941759442,7.10536295922784,7.53098618841113,8.03098618841113
"307",307,3.18586080821922,2.40100971846577,3.2934352633425,3.7934352633425,5.23332835597267,4.44847726621922,5.34090281109594,5.84090281109594
"308",308,6.39881092519558,6.23415302597661,6.81648197558609,7.31648197558609,8.4677638221786,8.30310592295964,8.88543487256912,9.38543487256912
"309",309,4.0055412612545,3.80975947335725,4.40765036730588,4.90765036730588,6.08034803671662,5.88456624881938,6.482457142768,6.982457142768
"310",310,5.79027983388728,6.10948593797167,6.44988288592948,6.94988288592948,7.68482799690837,8.00403410099276,8.34443104895057,8.84443104895057
"311",311,3.18024553254761,3.03358064536645,3.60691308895703,4.10691308895703,5.66888420537916,5.522219318198,6.09555176178858,6.59555176178858
"312",312,4.73311549748934,5.80803189732792,5.77057369740863,6.27057369740863,6.0497915631842,7.12470796302277,7.08724976310348,7.58724976310348
"313",313,5.65673522560822,5.11265158600916,5.88469340580869,6.38469340580869,7.55542270374382,7.01133906414476,7.78338088394429,8.28338088394429
"314",314,5.6276783131211,6.00958793241772,6.31863312276941,6.81863312276941,8.09021088742782,8.47212050672444,8.78116569707613,9.28116569707613
"315",315,5.39510954571071,5.86149434544391,6.12830194557731,6.62830194557731,7.46827498749745,7.93465978723065,8.20146738736405,8.70146738736405
"316",316,4.42718493869819,4.68270362447698,5.05494428158758,5.55494428158758,6.53029047194823,6.78580915772702,7.15804981483762,7.65804981483762
"317",317,7.09770741209006,7.2381534604326,7.66793043626133,8.16793043626133,9.89539310960034,10.0358391579429,10.4656161337716,10.9656161337716
"318",318,4.53893054544146,5.02389944942986,5.28141499743566,5.78141499743566,7.37483233762107,7.85980124160947,8.11731678961527,8.61731678961527
"319",319,5.66934754427421,7.9034688142928,7.2864081792835,7.7864081792835,8.46257016638197,10.6966914364006,10.0796308013913,10.5796308013913
"320",320,4.83605063455744,4.38284271342548,5.10944667399146,5.60944667399146,6.65961373024017,6.20640580910822,6.9330097696742,7.4330097696742
"321",321,5.42003854882396,5.06021144282357,5.74012499582376,6.24012499582376,8.00442440789783,7.64459730189744,8.32451085489763,8.82451085489763
"322",322,4.85866772269304,5.91120568808667,5.88493670538986,6.38493670538986,6.82739586008824,7.87993382548187,7.85366484278505,8.35366484278505
"323",323,5.37111456276275,6.68810325285413,6.52960890780844,7.02960890780844,7.98664207157178,9.30363076166316,9.14513641661747,9.64513641661747
"324",324,3.6290364629011,5.46092243448004,5.04497944869057,5.54497944869057,5.62862906781742,7.46051503939636,7.04457205360689,7.54457205360689
"325",325,4.0340761684175,4.71573782794625,4.87490699818187,5.37490699818187,6.31584137568006,6.9975030352088,7.15667220544443,7.65667220544443
"326",326,4.08608917879109,3.70104617892524,4.39356767885817,4.89356767885817,5.97350587043199,5.58846287056614,6.28098437049906,6.78098437049906
"327",327,3.38637037173598,3.06017553424092,3.72327295298845,4.22327295298845,5.95446546648559,5.62827062899054,6.29136804773806,6.79136804773806
"328",328,4.04065467727192,5.31514516588935,5.17789992158063,5.67789992158063,5.85910910769411,7.13359959631153,6.99635435200282,7.49635435200282
"329",329,5.1224694184868,6.38748490711313,6.25497716279997,6.75497716279997,5.74614966951209,7.01116515813842,6.87865741382525,7.37865741382525
"330",330,4.96282251759519,4.87866330738984,5.42074291249251,5.92074291249251,6.59104318617235,6.506883975967,7.04896358106967,7.54896358106967
"331",331,5.54279079381051,4.27894137227079,5.41086608304065,5.91086608304065,8.27539869719597,7.01154927565624,8.14347398642611,8.64347398642611
"332",332,4.87469482344564,3.36808645113894,4.62139063729229,5.12139063729229,8.12053528197195,6.61392690966525,7.8672310958186,8.3672310958186
"333",333,6.14510529866028,4.51409924960992,5.8296022741351,6.3296022741351,7.96551044660752,6.33450439755716,7.65000742208234,8.15000742208234
"334",334,5.0743302124944,4.06814479425024,5.07123750337232,5.57123750337232,7.79626212262845,6.79007670438429,7.79316941350637,8.29316941350637
"335",335,5.32188535281045,4.72666295011477,5.52427415146261,6.02427415146261,7.89721548038664,7.30199307769096,8.0996042790388,8.5996042790388
"336",336,6.52098069600551,6.90592668921135,7.21345369260843,7.71345369260843,8.0647211790418,8.44966717224764,8.75719417564472,9.25719417564472
"337",337,5.50932781480865,6.03047790741741,6.26990286111303,6.76990286111303,6.89686336150294,7.41801345411169,7.65743840780732,8.15743840780732
"338",338,4.16042141532623,5.66742989857211,5.41392565694917,5.91392565694917,5.89148951560759,7.39849799885347,7.14499375723053,7.64499375723053
"339",339,4.30098934736645,6.77585340109959,6.03842137423302,6.53842137423302,6.8697361402887,9.34460019402184,8.60716816715527,9.10716816715527
"340",340,3.53163055905848,2.83501984557503,3.68332520231675,4.18332520231675,5.67811149486102,4.98150078137757,5.8298061381193,6.3298061381193
"341",341,5.42572129991756,4.53666465430792,5.48119297711274,5.98119297711274,6.67086478582735,5.78180814021771,6.72633646302253,7.22633646302253
"342",342,5.01450054624665,5.00599467220129,5.51024760922397,6.01024760922397,6.99491693811391,6.98641106406855,7.49066400109123,7.99066400109123
"343",343,4.5640617325422,3.08616165393094,4.32511169323657,4.82511169323657,6.56348850750162,5.08558842889036,6.32453846819599,6.82453846819599
"344",344,4.95741643538578,6.15774903947907,6.05758273743242,6.55758273743242,7.2606695783544,8.46100218244769,8.36083588040104,8.86083588040104
"345",345,3.79406257270946,3.25818051056782,4.02612154163864,4.52612154163864,5.4121322336825,4.87625017154086,5.64419120261168,6.14419120261168
"346",346,6.60734490609737,4.90578801939684,6.2565664627471,6.7565664627471,8.27996962067794,6.57841273397741,7.92919117732767,8.42919117732767
"347",347,3.42912501656634,4.83500448165641,4.63206474911138,5.13206474911138,5.25701852275165,6.66289798784171,6.45995825529668,6.95995825529668
"348",348,4.73722655964222,4.55820168447918,5.1477141220607,5.6477141220607,6.55593109160979,6.37690621644675,6.96641865402827,7.46641865402827
"349",349,5.06414517231171,5.43071568844001,5.74743043037586,6.24743043037586,7.64842377115047,8.01499428727877,8.33170902921462,8.83170902921462
"350",350,4.11639857532098,3.42156419007197,4.26898138269648,4.76898138269648,6.38552811922026,5.69069373397124,6.53811092659575,7.03811092659575
"351",351,4.51763038025979,5.11913775529761,5.3183840677787,5.8183840677787,6.66883077744818,7.270338152486,7.46958446496709,7.96958446496709
"352",352,5.72184167803228,6.66415690023813,6.69299928913521,7.19299928913521,7.08971892673209,8.03203414893795,8.06087653783502,8.56087653783502
"353",353,3.40397929268638,3.65949571668757,4.03173750468698,4.53173750468698,5.15458804983856,5.41010447383975,5.78234626183915,6.28234626183915
"354",354,6.01588816373423,6.15996456373648,6.58792636373536,7.08792636373536,7.96736624955759,8.11144264955984,8.53940444955872,9.03940444955872
"355",355,4.05017424096108,2.35314850561334,3.70166137328721,4.20166137328721,6.57774338516629,4.88071764981855,6.22923051749242,6.72923051749242
"356",356,5.9956817587045,5.19161305273789,6.0936474057212,6.5936474057212,8.14627701592523,7.34220830995861,8.24424266294192,8.74424266294192
"357",357,4.60198362456752,3.53150366458539,4.56674364457646,5.06674364457646,6.76976930473069,5.69928934474856,6.73452932473962,7.23452932473962
"358",358,4.70604539860038,3.72353886521473,4.71479213190755,5.21479213190755,6.99349419807937,6.01098766469372,7.00224093138655,7.50224093138655
"359",359,4.46759684500517,4.81393642556085,5.14076663528301,5.64076663528301,6.52036410392446,6.86670368448014,7.1935338942023,7.6935338942023
"360",360,5.52447064243459,3.74717942152425,5.13582503197942,5.63582503197942,7.22428782349511,5.44699660258476,6.83564221303994,7.33564221303994
"361",361,4.20922174920235,2.75976512394415,3.98449343657325,4.48449343657325,6.22607253708968,4.77661591183147,6.00134422446058,6.50134422446058
"362",362,5.00768145713024,4.53085955287186,5.26927050500105,5.76927050500105,6.97577396713614,6.49895206287775,7.23736301500694,7.73736301500694
"363",363,6.21526557210992,4.977384072469,6.09632482228946,6.59632482228946,8.14306949068247,6.90518799104155,8.02412874086201,8.52412874086201
"364",364,4.13401526898155,2.98779679681681,4.06090603289918,4.56090603289918,6.26462818321791,5.11840971105318,6.19151894713555,6.69151894713555
"365",365,6.12638337522508,6.04502715863491,6.58570526693,7.08570526693,8.78333667045636,8.70198045386619,9.24265856216128,9.74265856216128
"366",366,5.66119989372836,6.37962384776543,6.5204118707469,7.0204118707469,7.47480185671258,8.19322581074965,8.33401383373111,8.83401383373111
"367",367,6.02617597324268,5.06102249749267,6.04359923536767,6.54359923536767,8.25236226757979,7.28720879182978,8.26978552970479,8.76978552970479
"368",368,4.07068194153429,3.98833344492656,4.52950769323042,5.02950769323042,5.21853930615982,5.1361908095521,5.67736505785596,6.17736505785596
"369",369,5.0153111545883,5.44932601298473,5.73231858378652,6.23231858378652,6.5433095229509,6.97732438134733,7.26031695214912,7.76031695214912
"370",370,4.42914876639786,4.63072429699017,5.02993653169402,5.52993653169402,6.95330002551903,7.15487555611134,7.55408779081518,8.05408779081518
"371",371,5.91980462593881,6.30884840570288,6.61432651582084,7.11432651582084,8.25769951448019,8.64674329424426,8.95222140436223,9.45222140436223
"372",372,4.2245532864924,3.89479074314478,4.55967201481859,5.05967201481859,6.43223674527902,6.1024742019314,6.76735547360521,7.26735547360521
"373",373,5.09963165577106,6.1098226185624,6.10472713716673,6.60472713716673,7.63711750794155,8.64730847073288,8.64221298933722,9.14221298933722
"374",374,4.1270537873151,4.12730362907779,4.62717870819644,5.12717870819644,6.43813508982804,6.43838493159073,6.93826001070939,7.43826001070939
"375",375,6.35859660512902,6.52261712243079,6.94060686377991,7.44060686377991,8.25660160950135,8.42062212680312,8.83861186815224,9.33861186815224
"376",376,5.81527250656702,6.82105520208343,6.81816385432522,7.31816385432522,8.27253669012353,9.27831938563994,9.27542803788173,9.77542803788173
"377",377,4.91387744959687,4.17083127506123,5.04235436232905,5.54235436232905,6.55847365222626,5.81542747769062,6.68695056495844,7.18695056495844
"378",378,4.59080195277185,3.58755048244179,4.58917621760682,5.08917621760682,6.99086865484411,5.98761718451406,6.98924291967909,7.48924291967909
"379",379,5.67191757628247,3.84458284975189,5.25825021301718,5.75825021301718,8.2957229622523,6.46838823572171,7.882055598987,8.382055598987
"380",380,4.48774075099567,5.79451547331752,5.6411281121566,6.1411281121566,6.33597702310517,7.64275174542702,7.4893643842661,7.9893643842661
"381",381,5.49929270505913,5.79046591325172,6.14487930915543,6.64487930915543,8.52002915616699,8.81120236435957,9.16561576026328,9.66561576026328
"382",382,1.74670686806349,1.17510685585724,1.96090686196037,2.46090686196037,4.29305443910579,3.72145442689954,4.50725443300267,5.00725443300267
"383",383,4.32177625865663,3.69691592347514,4.50934609106588,5.00934609106588,6.43916572031567,5.81430538513418,6.62673555272493,7.12673555272493
"384",384,3.33186508653056,2.3565168912717,3.34419098890113,3.84419098890113,5.45386533985796,4.4785171445991,5.46619124222853,5.96619124222853
"385",385,2.53629281338367,1.77989816288007,2.65809548813187,3.15809548813187,4.78188202280978,4.02548737230618,4.90368469755798,5.40368469755798
"386",386,3.45964161324418,4.44342460658067,4.45153310991243,4.95153310991243,6.16408095850101,7.14786395183751,7.15597245516926,7.65597245516926
"387",387,5.68411945794628,6.13226187457697,6.40819066626162,6.90819066626162,7.33954275727739,7.78768517390809,8.06361396559274,8.56361396559274
"388",388,4.27952943462047,4.5898080272879,4.93466873095419,5.43466873095419,6.61308047266163,6.92335906532907,7.26821976899535,7.76821976899535
"389",389,2.84752773695127,2.32226244684083,3.08489509189605,3.58489509189605,5.51423847487748,4.98897318476704,5.75160582982226,6.25160582982226
"390",390,6.27015556786857,5.88382077681343,6.576988172341,7.076988172341,8.50161315240253,8.11527836134739,8.80844575687496,9.30844575687496
"391",391,5.08044838754446,3.71705172102241,4.89875005428344,5.39875005428344,6.52326902850181,5.15987236197976,6.34157069524078,6.84157069524078
"392",392,5.78700822378324,5.02184598897837,5.90442710638081,6.40442710638081,6.91390467167811,6.14874243687324,7.03132355427567,7.53132355427567
"393",393,4.36997911840694,3.31875893089199,4.34436902464947,4.84436902464947,6.65360167090585,5.6023814833909,6.62799157714837,7.12799157714837
"394",394,5.2107247345382,5.83522533098421,6.0229750327612,6.5229750327612,6.30986059472564,6.93436119117165,7.12211089294864,7.62211089294864
"395",395,5.56592533453025,3.68196390014141,5.12394461733583,5.62394461733583,7.44343725114279,5.55947581675396,7.00145653394837,7.50145653394837
"396",396,5.85371206245421,5.68137472054781,6.26754339150101,6.76754339150101,8.74380742477907,8.57147008287267,9.15763875382587,9.65763875382587
"397",397,6.66613068945217,8.68184060504294,8.17398564724756,8.67398564724756,9.36610705058603,11.3818169661768,10.8739620083814,11.3739620083814
"398",398,4.96488382516124,4.82468206707072,5.39478294611598,5.89478294611598,6.972717294041,6.83251553595048,7.40261641499574,7.90261641499574
"399",399,2.97892445942418,4.90503974710693,4.44198210326555,4.94198210326555,4.79023020067027,6.71634548835303,6.25328784451165,6.75328784451165
"400",400,5.25106118384327,5.21449893464271,5.73278005924299,6.23278005924299,6.71695097915723,6.68038872995667,7.19866985455695,7.69866985455695
"401",401,4.20949364701629,3.50892592293981,4.35920978497805,4.85920978497805,6.10820722520908,5.4076395011326,6.25792336317084,6.75792336317084
"402",402,5.02452173933108,1.93250771528219,3.97851472730663,4.47851472730663,6.8332606266006,3.74124660255171,5.78725361457615,6.28725361457615
"403",403,4.95452838860356,4.56593900398127,5.26023369629241,5.76023369629241,7.92059390691239,7.5320045222901,8.22629921460124,8.72629921460124
"404",404,5.42554822842497,5.8155450457328,6.12054663707889,6.62054663707889,7.44289702098062,7.83289383828845,8.13789542963454,8.63789542963454
"405",405,3.11384822360697,3.79452315510238,3.95418568935467,4.45418568935467,5.41798636395545,6.09866129545086,6.25832382970316,6.75832382970316
"406",406,5.18591573404637,5.22853568743755,5.70722571074196,6.20722571074196,6.13305940780153,6.17567936119271,6.65436938449712,7.15436938449712
"407",407,7.06885885781249,5.41069090714644,6.73977488247947,7.23977488247947,9.09516013550626,7.4369921848402,8.76607616017323,9.26607616017323
"408",408,6.79155397075295,6.29315430838835,7.04235413957065,7.54235413957065,8.53803227429631,8.03963261193171,8.78883244311401,9.28883244311401
"409",409,3.89832278273856,3.9457317753686,4.42202727905358,4.92202727905358,6.76042028520441,6.80782927783445,7.28412478151943,7.78412478151943
"410",410,5.43883512813366,5.93814456306495,6.18848984559931,6.68848984559931,7.86231948512426,8.36162892005555,8.6119742025899,9.1119742025899
"411",411,4.04905197751198,3.75238603504017,4.40071900627608,4.90071900627608,6.21416707968173,5.91750113720992,6.56583410844583,7.06583410844583
"412",412,3.93260776063012,4.08451264015484,4.50856020039248,5.00856020039248,5.93908587353824,6.09099075306297,6.51503831330061,7.01503831330061
"413",413,6.66561792460163,7.12473723649556,7.3951775805486,7.8951775805486,7.89613005411873,8.35524936601267,8.6256897100657,9.1256897100657
"414",414,4.73782133692154,6.61209278562734,6.17495706127444,6.67495706127444,6.62899582386764,8.50326727257344,8.06613154822054,8.56613154822054
"415",415,5.01077702662673,3.17183589335747,4.5913064599921,5.0913064599921,6.86300806340807,5.02406693013881,6.44353749677344,6.94353749677344
"416",416,4.50657928945456,4.72352686585996,5.11505307765726,5.61505307765726,6.41446743093343,6.63141500733883,7.02294121913613,7.52294121913613
"417",417,5.9547867210938,7.78742896713243,7.37110784411312,7.87110784411312,8.61889987186242,10.451542117901,10.0352209948817,10.5352209948817
"418",418,5.84497959641553,6.02981700869933,6.43739830255743,6.93739830255743,7.29077171647431,7.47560912875811,7.88319042261621,8.38319042261621
"419",419,4.00578184825383,2.6974736931047,3.85162777067926,4.35162777067926,6.91978826438145,5.61148010923232,6.76563418680689,7.26563418680689
"420",420,3.62802355445854,4.31442539143525,4.47122447294689,4.97122447294689,5.5485291409925,6.23493097796921,6.39173005948085,6.89173005948085
"421",421,4.76903333181208,4.2389750478484,5.00400418983024,5.50400418983024,6.76289612251899,6.23283783855531,6.99786698053715,7.49786698053715
"422",422,6.42407162532245,5.29270871846267,6.35839017189256,6.85839017189256,9.04724805612307,7.91588514926329,8.98156660269318,9.48156660269318
"423",423,5.34042665861192,5.65622088362359,5.99832377111775,6.49832377111775,7.44284952099469,7.75864374600635,8.10074663350052,8.60074663350052
"424",424,4.76216772763659,4.33493886456535,5.04855329610097,5.54855329610097,6.35580259652975,5.92857373345851,6.64218816499413,7.14218816499413
"425",425,5.69472235266965,5.50597457295068,6.10034846281017,6.60034846281017,8.0792961058799,7.89054832616093,8.48492221602042,8.98492221602042
"426",426,5.38291579078875,4.92558661963391,5.65425120521133,6.15425120521133,8.56568956430106,8.10836039314622,8.83702497872364,9.33702497872364
"427",427,5.64061572657278,5.61069860139196,6.12565716398237,6.62565716398237,7.63644165148198,7.60652452630117,8.12148308889157,8.62148308889157
"428",428,7.23627932373477,9.05641542680782,8.6463473752713,9.1463473752713,10.1532093666688,11.9733454697419,11.5632774182054,12.0632774182054
"429",429,3.2991600684909,3.32334770901417,3.81125388875254,4.31125388875254,5.09833720326266,5.12252484378593,5.6104310235243,6.1104310235243
"430",430,3.68284830029497,3.68929840666355,4.18607335347926,4.68607335347926,5.86305493281805,5.86950503918663,6.36627998600234,6.86627998600234
"431",431,6.21393963545534,5.00521597928726,6.1095778073713,6.6095778073713,8.90174968920968,7.6930260330416,8.79738786112564,9.29738786112564
"432",432,5.32124586512176,4.79200962656727,5.55662774584451,6.05662774584451,7.06962567150075,6.54038943294625,7.3050075522235,7.8050075522235
"433",433,5.64799942371418,7.80762062343647,7.22781002357532,7.72781002357532,6.79906005479955,8.95868125452183,8.37887065466069,8.87887065466069
"434",434,6.92365097765504,5.60148188140216,6.7625664295286,7.2625664295286,8.83131557009445,7.50914647384157,8.67023102196801,9.17023102196801
"435",435,4.48123174751,5.8347391365902,5.6579854420501,6.1579854420501,6.35933199492837,7.71283938400857,7.53608568946847,8.03608568946847
"436",436,4.53179890836108,6.0061930712702,5.76899598981564,6.26899598981564,6.50042587847259,7.97482004138171,7.73762295992715,8.23762295992715
"437",437,7.19556743950431,5.14563633757371,6.67060188853901,7.17060188853901,8.83873475475523,6.78880365282463,8.31376920378993,8.81376920378993
"438",438,5.18321782167769,8.26292949797076,7.22307365982423,7.72307365982423,6.92521695230064,10.0049286285937,8.96507279044717,9.46507279044717
"439",439,4.84760145588023,4.00135037696609,4.92447591642316,5.42447591642316,6.97622789960302,6.12997682068887,7.05310236014595,7.55310236014595
"440",440,5.42285932411363,4.64989935741539,5.53637934076451,6.03637934076451,7.97740203633069,7.20444206963245,8.09092205298157,8.59092205298157
"441",441,5.21729124062489,6.33954740525702,6.27841932294095,6.77841932294095,7.18608799956178,8.30834416419391,8.24721608187784,8.74721608187784
"442",442,6.29973367357813,5.85938402578591,6.57955884968202,7.07955884968202,8.90573691105174,8.46538726325952,9.18556208715563,9.68556208715563
"443",443,5.35434504112799,4.93049002840168,5.64241753476484,6.14241753476484,7.75386773529278,7.33001272256647,8.04194022892962,8.54194022892962
"444",444,6.15975380513387,7.07408464262413,7.116919223879,7.616919223879,7.86528603538658,8.77961687287683,8.82245145413171,9.32245145413171
"445",445,4.75499668874835,5.05973795181881,5.40736732028358,5.90736732028358,6.88657242317887,7.19131368624933,7.5389430547141,8.0389430547141
"446",446,4.89317029462259,2.58450502630224,4.23883766046242,4.73883766046242,7.20929600244349,4.90063073412314,6.55496336828332,7.05496336828332
"447",447,6.33669801567294,6.38044546552104,6.85857174059699,7.35857174059699,8.66597908412924,8.70972653397734,9.18785280905329,9.68785280905329
"448",448,5.52128136061697,4.23712278708572,5.37920207385134,5.87920207385134,7.36542074226798,6.08126216873672,7.22334145550235,7.72334145550235
"449",449,6.06638081403453,6.69866613029333,6.88252347216393,7.38252347216393,8.05732906948557,8.68961438574437,8.87347172761497,9.37347172761497
"450",450,3.83559193972966,4.68913414161163,4.76236304067065,5.26236304067065,5.82174389598545,6.67528609786742,6.74851499692643,7.24851499692643
"451",451,3.85136676137422,4.88124723175456,4.86630699656439,5.36630699656439,4.45590434070001,5.48578481108035,5.47084457589018,5.97084457589018
"452",452,4.64472530787411,4.52522409350726,5.08497470069069,5.58497470069069,6.38981511725032,6.27031390288347,6.83006451006689,7.33006451006689
"453",453,3.2088225954723,3.46842068456602,3.83862164001916,4.33862164001916,4.81500537925892,5.07460346835265,5.44480442380578,5.94480442380578
"454",454,5.11378537352416,4.79422844521679,5.45400690937048,5.95400690937048,6.9800948908438,6.66053796253643,7.32031642669012,7.82031642669012
"455",455,2.9564530771003,3.17765660512984,3.56705484111507,4.06705484111507,4.65394132248117,4.8751448505107,5.26454308649593,5.76454308649593
"456",456,4.05165909597691,3.6925183530253,4.3720887245011,4.8720887245011,6.92669393953351,6.5675531965819,7.24712356805771,7.74712356805771
"457",457,4.94764274685287,5.23341126334789,5.59052700510038,6.09052700510038,7.07921495752728,7.3649834740223,7.72209921577479,8.22209921577479
"458",458,5.27507524203572,6.79185530957077,6.53346527580325,7.03346527580325,7.37470605877147,8.89148612630651,8.63309609253899,9.13309609253899
"459",459,2.72120424436541,1.59859956990874,2.65990190713707,3.15990190713707,4.54577804733763,3.42317337288096,4.4844757101093,4.9844757101093
"460",460,4.22406257467344,5.30170683153572,5.26288470310458,5.76288470310458,6.15312964651617,7.23077390337845,7.19195177494731,7.69195177494731
"461",461,5.11401309378301,4.99597522036197,5.55499415707249,6.05499415707249,6.79830636924848,6.68026849582743,7.23928743253796,7.73928743253796
"462",462,3.36813488048981,2.37763849230945,3.37288668639963,3.87288668639963,5.48345135241274,4.49295496423238,5.48820315832256,5.98820315832256
"463",463,5.90851319833773,7.51595529582058,7.21223424707915,7.71223424707915,8.63810442249524,10.2455465199781,9.94182547123667,10.4418254712367
"464",464,5.99392939724347,7.14898663613239,7.07145801668793,7.57145801668793,8.96492262765299,10.1199798665419,10.0424512470975,10.5424512470975
"465",465,3.05244011712649,4.13784539854798,4.09514275783724,4.59514275783724,5.4570334054823,6.54243868690379,6.49973604619304,6.99973604619304
"466",466,6.28083872659698,8.55086128869167,7.91585000764432,8.41585000764432,8.69243514561288,10.9624577077076,10.3274464266602,10.8274464266602
"467",467,4.53621426824682,3.43253994101486,4.48437710463084,4.98437710463084,6.88928772787729,5.78561340064533,6.83745056426131,7.33745056426131
"468",468,6.23896873821799,6.31777203463687,6.77837038642743,7.27837038642743,8.13140760262651,8.21021089904539,8.67080925083595,9.17080925083595
"469",469,5.03163776781953,6.06196263148767,6.0468001996536,6.5468001996536,6.15048186971165,7.18080673337979,7.16564430154572,7.66564430154572
"470",470,5.18962244477775,4.72324440848718,5.45643342663247,5.95643342663247,6.65421698143152,6.18783894514094,6.92102796328623,7.42102796328623
"471",471,5.61745141916486,4.21067499553015,5.4140632073475,5.9140632073475,7.29042857583546,5.88365215220075,7.08704036401811,7.58704036401811
"472",472,6.02567968097138,5.87195379529425,6.44881673813282,6.94881673813282,8.46728235351112,8.313556467834,8.89041941067256,9.39041941067256
"473",473,5.5191830891,5.70679233736058,6.11298771323029,6.61298771323029,6.59315970450417,6.78076895276475,7.18696432863446,7.68696432863446
"474",474,5.38071208619575,6.70532647828207,6.54301928223891,7.04301928223891,6.95863226543263,8.28324665751896,8.12093946147579,8.62093946147579
"475",475,4.66330975969689,4.66399949025547,5.16365462497618,5.66365462497618,6.57730638720889,6.57799611776748,7.07765125248818,7.57765125248818
"476",476,4.79877163647486,4.81763172740775,5.3082016819413,5.8082016819413,6.24307168372052,6.26193177465341,6.75250172918697,7.25250172918697
"477",477,5.20389546166816,6.92465253539628,6.56427399853222,7.06427399853222,7.35745058793582,9.07820766166394,8.71782912479988,9.21782912479988
"478",478,4.05442298160845,4.45320981055231,4.75381639608038,5.25381639608038,5.52162193613032,5.92040876507417,6.22101535060224,6.72101535060224
"479",479,5.74528735544711,5.86874758147754,6.30701746846233,6.80701746846233,8.13495160191056,8.25841182794099,8.69668171492578,9.19668171492578
"480",480,2.86148200555489,1.50265860552992,2.68207030554241,3.18207030554241,5.0955989624974,3.73677556247243,4.91618726248491,5.41618726248491
"481",481,5.2178663103053,6.43997860408934,6.32892245719732,6.82892245719732,7.38767253781674,8.60978483160078,8.49872868470876,8.99872868470876
"482",482,4.61071411685017,5.01222095080265,5.31146753382641,5.81146753382641,7.00252207691464,7.40402891086711,7.70327549389088,8.20327549389087
"483",483,4.16672314362369,3.31194361193757,4.23933337778063,4.73933337778063,6.42141494633091,5.56663541464479,6.49402518048785,6.99402518048785
"484",484,4.51082517138075,5.44228291784582,5.47655404461329,5.97655404461329,7.11249027331731,8.04394801978238,8.07821914654984,8.57821914654984
"485",485,5.57617717210351,6.1259790747267,6.35107812341511,6.85107812341511,7.28960616929637,7.83940807191956,8.06450712060796,8.56450712060796
"486",486,5.36143705364972,6.15672546066626,6.25908125715799,6.75908125715799,7.86360621570868,8.65889462272522,8.76125041921695,9.26125041921695
"487",487,4.51215586695787,5.82068834354541,5.66642210525164,6.16642210525164,5.59598746698107,6.90451994356862,6.75025370527484,7.25025370527484
"488",488,4.98758054578126,5.29641738941661,5.64199896759893,6.14199896759893,6.88636697769261,7.19520382132796,7.54078539951029,8.04078539951029
"489",489,5.64422699220795,4.11395517623071,5.37909108421933,5.87909108421933,7.09888039997213,5.56860858399489,6.83374449198351,7.33374449198351
"490",490,5.2127300988321,6.36460223622395,6.28866616752802,6.78866616752802,7.68349261294781,8.83536475033965,8.75942868164373,9.25942868164373
"491",491,3.74855988693217,4.52607307363657,4.63731648028437,5.13731648028437,5.39826849472895,6.17578168143336,6.28702508808115,6.78702508808115
"492",492,6.04545813181675,5.24694076525199,6.14619944853437,6.64619944853437,8.54259433614505,7.74407696958028,8.64333565286266,9.14333565286266
"493",493,5.70983234070646,3.52863406807069,5.11923320438857,5.61923320438857,8.02210869592569,5.84091042328991,7.4315095596078,7.9315095596078
"494",494,4.21708716343868,3.16357244466984,4.19032980405426,4.69032980405426,5.58902696188473,4.53551224311589,5.56226960250031,6.06226960250031
"495",495,4.27468150107039,4.74227689521853,5.00847919814446,5.50847919814446,7.21303483362918,7.68063022777732,7.94683253070325,8.44683253070325
"496",496,4.64211075882685,4.646873842749,5.14449230078793,5.64449230078793,6.98712128450633,6.99188436842848,7.4895028264674,7.9895028264674
"497",497,6.54282169998805,7.23696476771135,7.3898932338497,7.8898932338497,9.36679619460333,10.0609392623266,10.213867728465,10.713867728465
"498",498,5.12963696133947,6.21121977436998,6.17042836785472,6.67042836785472,7.64895801300594,8.73054082603645,8.6897494195212,9.1897494195212
"499",499,4.52322939884622,3.08897352126194,4.30610146005408,4.80610146005408,6.40673720078545,4.97248132320116,6.1896092619933,6.6896092619933
"500",500,4.15013175792604,4.8099808424059,4.98005630016597,5.48005630016597,5.95102123334286,6.61087031782272,6.78094577558279,7.28094577558279
