family_id,w1_comm_parent,w1_comm_child,w2_comm_parent,w2_comm_child,w1_satis_parent,w1_satis_child,w2_satis_parent,w2_satis_child
1,5.196200704,5.873277661,6.034739183,6.534739183,7.727156308,8.404233265,8.565694786,9.065694786
2,5.513934936,4.399385848,5.456660392,5.956660392,7.140359239,6.025810152,7.083084696,7.583084696
3,6.617141361,6.042936326,6.830038844,7.330038844,7.080648715,6.50644368,7.293546197,7.793546197
4,5.481527293,3.818858236,5.150192764,5.650192764,8.003812181,6.341143124,7.672477653,8.172477653
5,4.539454459,4.553682515,5.046568487,5.546568487,6.653087963,6.667316019,7.160201991,7.660201991
6,3.078463295,2.282412265,3.18043778,3.68043778,4.953310611,4.157259581,5.055285096,5.555285096
7,5.099348954,6.006751884,6.053050419,6.553050419,6.74849086,7.65589379,7.702192325,8.202192325
8,4.259746722,5.286275005,5.273010863,5.773010863,6.217173323,7.243701607,7.230437465,7.730437465
9,3.521947065,1.979886149,3.250916607,3.750916607,5.617441937,4.075381021,5.346411479,5.846411479
10,4.772263989,4.917607258,5.344935623,5.844935623,6.224778177,6.370121446,6.797449811,7.297449811
11,6.270896589,5.540764386,6.405830488,6.905830488,8.440175541,7.710043338,8.57510944,9.07510944
12,5.502242938,5.105101455,5.803672197,6.303672197,7.116752378,6.719610895,7.418181637,7.918181637
13,4.399818496,5.055291421,5.227554958,5.727554958,7.151988711,7.807461636,7.979725173,8.479725173
14,6.031627747,7.227175743,7.129401745,7.629401745,8.294109274,9.489657271,9.391883272,9.891883272
15,5.255133563,4.884723951,5.569928757,6.069928757,7.48940102,7.118991408,7.804196214,8.304196214
16,3.328029003,3.391081058,3.859555031,4.359555031,5.446365835,5.50941789,5.977891862,6.477891862
17,4.620246398,2.450811115,4.035528756,4.535528756,6.865253225,4.695817942,6.280535583,6.780535583
18,3.638217465,3.722750689,4.180484077,4.680484077,6.247622695,6.332155919,6.789889307,7.289889307
19,3.962068778,2.321105644,3.641587211,4.141587211,7.080373575,5.439410441,6.759892008,7.259892008
20,5.44204245,5.675873608,6.058958029,6.558958029,7.236731224,7.470562382,7.853646803,8.353646803
21,3.219536435,2.582900362,3.401218399,3.901218399,5.247536881,4.610900808,5.429218844,5.929218844
22,5.37051211,5.76408197,6.06729704,6.56729704,8.262507309,8.656077169,8.959292239,9.459292239
23,5.539039931,6.909968668,6.7245043,7.2245043,7.709663215,9.080591952,8.895127584,9.395127584
24,4.665030077,4.663591037,5.164310557,5.664310557,6.26449594,6.2630569,6.76377642,7.26377642
25,3.591155897,1.681366972,3.136261434,3.636261434,5.451368507,3.541579581,4.996474044,5.496474044
26,6.027628859,4.838330655,5.932979757,6.432979757,8.308630404,7.1193322,8.213981302,8.713981302
27,3.830877624,5.337310501,5.084094063,5.584094063,6.132189874,7.63862275,7.385406312,7.885406312
28,4.975427091,4.728187955,5.351807523,5.851807523,6.100433038,5.853193901,6.47681347,6.97681347
29,5.023556416,5.29610653,5.659831473,6.159831473,7.621031144,7.893581257,8.2573062,8.7573062
30,3.895172288,4.242554589,4.568863438,5.068863438,5.989849115,6.337231416,6.663540266,7.163540266
31,3.998220511,1.51780955,3.258015031,3.758015031,6.196058784,3.715647823,5.455853303,5.955853303
32,3.90398871,5.286319238,5.095153974,5.595153974,6.44644036,7.828770888,7.637605624,8.137605624
33,5.624264075,5.757471501,6.190867788,6.690867788,6.156226114,6.28943354,6.722829827,7.222829827
34,5.154876093,5.81414376,5.984509926,6.484509926,7.685788574,8.345056241,8.515422407,9.015422407
35,3.999029442,3.144693652,4.071861547,4.571861547,5.729495319,4.875159529,5.802327424,6.302327424
36,3.756166203,4.386488451,4.571327327,5.071327327,5.937724951,6.568047198,6.752886074,7.252886074
37,4.305055166,6.199386708,5.752220937,6.252220937,6.257819282,8.152150825,7.704985054,8.204985054
38,3.678970664,4.070852503,4.374911584,4.874911584,6.162999529,6.554881369,6.858940449,7.358940449
39,5.391272797,5.828653921,6.109963359,6.609963359,6.435109679,6.872490803,7.153800241,7.653800241
40,4.463304528,3.033963243,4.248633885,4.748633885,5.792136822,4.362795537,5.577466179,6.077466179
41,5.426639356,4.363897063,5.395268209,5.895268209,8.093207955,7.030465662,8.061836808,8.561836808
42,3.715667097,3.307901479,4.011784288,4.511784288,5.834919562,5.427153943,6.131036752,6.631036752
43,5.698262298,4.605872284,5.652067291,6.152067291,8.109184954,7.01679494,8.062989947,8.562989947
44,4.816014062,5.511733571,5.663873816,6.163873816,6.247302648,6.943022157,7.095162403,7.595162403
45,6.937655352,7.814421625,7.876038489,8.376038489,9.47728147,10.35404774,10.41566461,10.91566461
46,5.815385397,6.195244089,6.505314743,7.005314743,7.742741055,8.122599747,8.432670401,8.932670401
47,2.759836657,3.865011904,3.81242428,4.31242428,4.935792794,6.040968042,5.988380418,6.488380418
48,5.182296982,5.763471395,5.972884188,6.472884188,7.502327813,8.083502226,8.292915019,8.792915019
49,3.305984577,3.402544,3.854264288,4.354264288,5.541947635,5.638507059,6.090227347,6.590227347
50,6.982215485,7.204524963,7.593370224,8.093370224,8.715253665,8.937563142,9.326408403,9.826408403
51,4.620204593,3.390544672,4.505374633,5.005374633,6.614089712,5.384429791,6.499259751,6.999259751
52,4.545974687,3.961252308,4.753613498,5.253613498,5.891737363,5.307014984,6.099376173,6.599376173
53,4.975180396,5.58166106,5.778420728,6.278420728,6.437063999,7.043544664,7.240304331,7.740304331
54,6.851479218,4.853262256,6.352370737,6.852370737,7.902649691,5.904432729,7.40354121,7.90354121
55,4.863393842,1.705095229,3.784244536,4.284244536,6.723575656,3.565277043,5.64442635,6.14442635
56,3.904538503,3.939961289,4.422249896,4.922249896,5.407742224,5.44316501,5.925453617,6.425453617
57,4.497977004,4.531177113,5.014577059,5.514577059,6.57908903,6.612289139,7.095689084,7.595689084
58,5.766587584,6.345416199,6.556001892,7.056001892,8.498580419,9.077409034,9.287994727,9.787994727
59,4.952556957,5.075523395,5.514040176,6.014040176,6.665819413,6.78878585,7.227302632,7.727302632
60,4.537147359,3.853007248,4.695077303,5.195077303,6.067254458,5.383114347,6.225184403,6.725184403
61,5.806668547,4.936400467,5.871534507,6.371534507,7.630459798,6.760191718,7.695325758,8.195325758
62,5.121325882,6.802184519,6.461755201,6.961755201,6.997921663,8.6787803,8.338350982,8.838350982
63,5.017250668,5.439443634,5.728347151,6.228347151,7.566943597,7.989136564,8.278040081,8.778040081
64,5.702925847,5.558063166,6.130494506,6.630494506,8.192335295,8.047472613,8.619903954,9.119903954
65,5.37477642,5.798805677,6.086791049,6.586791049,7.456147424,7.880176681,8.168162053,8.668162053
66,4.611369608,5.263959217,5.437664413,5.937664413,6.594126614,7.246716223,7.420421418,7.920421418
67,4.587684103,4.127355058,4.857519581,5.357519581,6.540239775,6.079910729,6.810075252,7.310075252
68,3.593947223,2.82171322,3.707830222,4.207830222,6.504036461,5.731802458,6.617919459,7.117919459
69,4.173492089,4.346127303,4.759809696,5.259809696,6.709724967,6.882360181,7.296042574,7.796042574
70,4.797605277,3.570408621,4.684006949,5.184006949,6.923575971,5.696379314,6.809977642,7.309977642
71,5.218034935,4.346387855,5.282211395,5.782211395,7.292651656,6.421004576,7.356828116,7.856828116
72,4.160588563,3.817594056,4.489091309,4.989091309,7.213975291,6.870980785,7.542478038,8.042478038
73,4.790181156,5.036888968,5.413535062,5.913535062,7.256371308,7.50307912,7.879725214,8.379725214
74,3.677077945,3.633675698,4.155376821,4.655376821,6.100953791,6.057551544,6.579252668,7.079252668
75,5.68975574,5.052564303,5.871160022,6.371160022,6.969065836,6.331874399,7.150470118,7.650470118
76,6.794584521,7.297803251,7.546193886,8.046193886,8.501385182,9.004603912,9.252994547,9.752994547
77,5.31956728,3.89577821,5.107672745,5.607672745,7.32956007,5.905771,7.117665535,7.617665535
78,6.803793955,7.271915068,7.537854512,8.037854512,8.149143246,8.617264359,8.883203803,9.383203803
79,3.675136423,3.004580789,3.839858606,4.339858606,6.442247172,5.771691538,6.606969355,7.106969355
80,4.377786975,7.053303971,6.215545473,6.715545473,5.467100545,8.142617541,7.304859043,7.804859043
81,4.617281748,3.814423536,4.715852642,5.215852642,6.527512764,5.724654552,6.626083658,7.126083658
82,7.484913336,7.238515357,7.861714346,8.361714346,9.597865083,9.351467105,9.974666094,10.47466609
83,5.202328315,5.175665117,5.688996716,6.188996716,7.091992942,7.065329744,7.578661343,8.078661343
84,6.20479349,6.037111891,6.62095269,7.12095269,8.211118116,8.043436517,8.627277317,9.127277317
85,5.143611138,5.585250181,5.864430659,6.364430659,6.875484381,7.317123424,7.596303903,8.096303903
86,5.88408318,6.126893908,6.505488544,7.005488544,6.924301856,7.167112583,7.545707219,8.045707219
87,4.972809683,5.63156297,5.802186326,6.302186326,6.87616734,7.534920626,7.705543983,8.205543983
88,4.988843171,4.232580704,5.110711938,5.610711938,7.144529565,6.388267097,7.266398331,7.766398331
89,4.482945357,4.480086669,4.981516013,5.481516013,6.018751742,6.015893053,6.517322398,7.017322398
90,5.284143088,4.6120751,5.448109094,5.948109094,7.400413554,6.728345567,7.56437956,8.06437956
91,6.340701049,6.24141427,6.79105766,7.29105766,8.516252621,8.416965842,8.966609232,9.466609232
92,5.252723722,3.161054159,4.70688894,5.20688894,8.104890192,6.013220629,7.55905541,8.05905541
93,6.602783631,6.36046574,6.981624686,7.481624686,8.349072496,8.106754606,8.727913551,9.227913551
94,4.035466036,5.622885607,5.329175822,5.829175822,6.836873962,8.424293534,8.130583748,8.630583748
95,6.12085608,7.084045557,7.102450819,7.602450819,7.845170549,8.808360026,8.826765287,9.326765287
96,5.105749089,5.085769689,5.595759389,6.095759389,7.546887093,7.526907692,8.036897393,8.536897393
97,3.742991552,3.913150705,4.328071128,4.828071128,5.871030796,6.041189949,6.456110373,6.956110373
98,4.915936626,5.142744673,5.52934065,6.02934065,6.608853146,6.835661193,7.22225717,7.72225717
99,5.348072437,7.401775081,6.874923759,7.374923759,8.027436373,10.08113902,9.554287694,10.05428769
100,6.324935945,5.753299508,6.539117727,7.039117727,8.664217959,8.092581522,8.87839974,9.37839974
101,4.076846258,3.679305508,4.378075883,4.878075883,6.444371458,6.046830708,6.745601083,7.245601083
102,5.485372819,5.393836789,5.939604804,6.439604804,6.994337338,6.902801309,7.448569324,7.948569324
103,4.549215231,4.276906758,4.913060994,5.413060994,6.209171782,5.93686331,6.573017546,7.073017546
104,5.652896447,6.09519173,6.374044088,6.874044088,7.525935946,7.968231228,8.247083587,8.747083587
105,5.909081812,4.00680525,5.457943531,5.957943531,7.61415517,5.711878608,7.163016889,7.663016889
106,5.875487461,5.705718666,6.290603064,6.790603064,7.562672886,7.392904091,7.977788488,8.477788488
107,5.214626198,4.26241275,5.238519474,5.738519474,7.832188726,6.879975278,7.856082002,8.356082002
108,3.95991997,3.824090165,4.392005068,4.892005068,6.26866474,6.132834934,6.700749837,7.200749837
109,4.988838387,4.542347603,5.265592995,5.765592995,7.214051852,6.767561068,7.49080646,7.99080646
110,4.486398931,4.014705413,4.750552172,5.250552172,6.740409854,6.268716336,7.004563095,7.504563095
111,4.345745085,4.021823792,4.683784439,5.183784439,6.277804507,5.953883214,6.61584386,7.11584386
112,3.844114289,5.283357918,5.063736104,5.563736104,6.568199476,8.007443104,7.78782129,8.28782129
113,6.193019331,6.372360346,6.782689839,7.282689839,7.983784096,8.163125112,8.573454604,9.073454604
114,4.88442502,4.882012765,5.383218892,5.883218892,6.421560368,6.419148113,6.920354241,7.420354241
115,5.537444108,4.537366388,5.537405248,6.037405248,6.944532141,5.944454421,6.944493281,7.444493281
116,4.057160166,4.431808272,4.744484219,5.244484219,5.876824961,6.251473067,6.564149014,7.064149014
117,5.456576095,6.14423721,6.300406652,6.800406652,7.999234476,8.686895591,8.843065034,9.343065034
118,3.345015434,2.695562689,3.520289062,4.020289062,5.180220668,4.530767924,5.355494296,5.855494296
119,5.888665529,6.39451123,6.64158838,7.14158838,7.871523148,8.377368849,8.624445999,9.124445999
120,4.473137522,2.427539855,3.950338689,4.450338689,5.383363358,3.337765691,4.860564525,5.360564525
121,2.964189625,3.219013069,3.591601347,4.091601347,5.329770593,5.584594037,5.957182315,6.457182315
122,5.603484355,3.792826915,5.198155635,5.698155635,7.89546807,6.08481063,7.49013935,7.99013935
123,4.577739376,5.279541293,5.428640335,5.928640335,7.136646685,7.838448602,7.987547643,8.487547643
124,4.700761729,5.638256728,5.669509229,6.169509229,6.589759719,7.527254718,7.558507219,8.058507219
125,3.284715409,2.022417128,3.153566268,3.653566268,5.188370274,3.926071993,5.057221134,5.557221134
126,5.258701036,4.913337501,5.586019268,6.086019268,7.401269036,7.0559055,7.728587268,8.228587268
127,5.384680894,4.453879907,5.4192804,5.9192804,7.166023275,6.235222289,7.200622782,7.700622782
128,6.517922303,7.542830595,7.530376449,8.030376449,8.255541611,9.280449903,9.267995757,9.767995757
129,4.796771708,2.449193173,4.12298244,4.62298244,6.587400836,4.239822301,5.913611569,6.413611569
130,4.585993158,2.834609917,4.210301538,4.710301538,6.669317571,4.91793433,6.293625951,6.793625951
131,5.599655671,5.243356043,5.921505857,6.421505857,7.111120797,6.75482117,7.432970983,7.932970983
132,4.611753172,5.936919627,5.7743364,6.2743364,7.147005987,8.472172443,8.309589215,8.809589215
133,6.49253475,6.354988227,6.923761489,7.423761489,8.330882095,8.193335571,8.762108833,9.262108833
134,3.770189474,3.888006857,4.329098165,4.829098165,6.084884045,6.202701428,6.643792737,7.143792737
135,4.854186134,4.53933007,5.196758102,5.696758102,5.880231762,5.565375697,6.22280373,6.72280373
136,4.750403387,5.339317957,5.544860672,6.044860672,7.448954527,8.037869096,8.243411811,8.743411811
137,5.301262631,4.562985642,5.432124137,5.932124137,6.992763581,6.254486593,7.123625087,7.623625087
138,5.970915058,5.922740085,6.446827571,6.946827571,7.666048443,7.61787347,8.141960957,8.641960957
139,6.088675485,5.647040856,6.367858171,6.867858171,8.504500517,8.062865888,8.783683203,9.283683203
140,4.083123945,3.979966475,4.53154521,5.03154521,5.954763445,5.851605975,6.40318471,6.90318471
141,5.004365023,7.520336244,6.762350633,7.262350633,6.760075578,9.276046799,8.518061189,9.018061189
142,5.392983438,5.502994428,5.947988933,6.447988933,7.519685501,7.629696491,8.074690996,8.574690996
143,5.907443521,5.498315791,6.202879656,6.702879656,7.836805619,7.427677889,8.132241754,8.632241754
144,4.897696536,4.83016133,5.363928933,5.863928933,7.230681278,7.163146072,7.696913675,8.196913675
145,4.509680195,5.097107902,5.303394048,5.803394048,6.47865113,7.066078837,7.272364983,7.772364983
146,3.625569377,4.255276176,4.440422776,4.940422776,5.067878903,5.697585701,5.882732302,6.382732302
147,4.491931564,5.496601698,5.494266631,5.994266631,7.087000763,8.091670898,8.08933583,8.58933583
148,4.624123947,5.764101376,5.694112661,6.194112661,5.769249174,6.909226604,6.839237889,7.339237889
149,3.960128403,5.778720739,5.369424571,5.869424571,6.192699073,8.011291409,7.601995241,8.101995241
150,5.120647755,6.74737614,6.434011948,6.934011948,6.591602786,8.218331171,7.904966979,8.404966979
151,5.500023397,5.118992065,5.809507731,6.309507731,8.127635901,7.746604569,8.437120235,8.937120235
152,4.546463664,4.6269895,5.086726582,5.586726582,6.787796356,6.868322192,7.328059274,7.828059274
153,3.764802844,4.370515902,4.567659373,5.067659373,6.13461383,6.740326888,6.937470359,7.437470359
154,4.699242583,5.875535457,5.78738902,6.28738902,7.064902187,8.241195062,8.153048624,8.653048624
155,6.186756337,7.179353382,7.183054859,7.683054859,8.137759466,9.130356511,9.134057988,9.634057988
156,5.920902648,7.412670412,7.16678653,7.66678653,7.792643669,9.284411434,9.038527551,9.538527551
157,4.274060898,5.450413905,5.362237401,5.862237401,6.325864787,7.502217794,7.414041291,7.914041291
158,5.112786286,6.092729662,6.102757974,6.602757974,7.672652831,8.652596207,8.662624519,9.162624519
159,6.160965974,2.888615341,5.024790657,5.524790657,7.977697759,4.705347126,6.841522443,7.341522443
160,4.743380412,3.873824075,4.808602243,5.308602243,6.566398149,5.696841811,6.63161998,7.13161998
161,4.722610965,4.379828786,5.051219876,5.551219876,7.128406465,6.785624286,7.457015375,7.957015375
162,3.152231835,2.797072378,3.474652106,3.974652106,4.913771728,4.558612271,5.236192,5.736192
163,6.174794744,6.870414358,7.022604551,7.522604551,8.670440653,9.366060268,9.518250461,10.01825046
164,3.157163903,2.60944991,3.383306906,3.883306906,5.216128443,4.66841445,5.442271447,5.942271447
165,6.745918176,6.388449917,7.067184046,7.567184046,9.523929403,9.166461144,9.845195274,10.34519527
166,5.099200246,4.203556575,5.151378411,5.651378411,6.908511553,6.012867882,6.960689717,7.460689717
167,5.467060759,6.420282037,6.443671398,6.943671398,7.860340971,8.81356225,8.83695161,9.33695161
168,3.73043536,5.646710172,5.188572766,5.688572766,5.09907106,7.015345873,6.557208466,7.057208466
169,4.346623161,3.392808,4.369715581,4.869715581,6.312156787,5.358341625,6.335249206,6.835249206
170,4.379883628,4.814393291,5.09713846,5.59713846,5.167226962,5.601736625,5.884481794,6.384481794
171,4.791000851,3.732825565,4.761913208,5.261913208,7.087104681,6.028929396,7.058017038,7.558017038
172,4.715435708,4.676385491,5.1959106,5.6959106,6.584837022,6.545786805,7.065311914,7.565311914
173,3.430537942,3.159202422,3.794870182,4.294870182,5.384700806,5.113365286,5.749033046,6.249033046
174,5.151510593,5.145657149,5.648583871,6.148583871,7.333406365,7.327552921,7.830479643,8.330479643
175,3.138174814,3.759219395,3.948697104,4.448697104,4.71249035,5.333534931,5.52301264,6.02301264
176,5.001386987,5.770942312,5.886164649,6.386164649,7.159260358,7.928815683,8.04403802,8.54403802
177,3.611278843,4.2860705,4.448674672,4.948674672,4.995372209,5.670163866,5.832768038,6.332768038
178,4.718164953,4.563698258,5.140931605,5.640931605,5.499562705,5.34509601,5.922329357,6.422329357
179,4.030323619,4.967113767,4.998718693,5.498718693,6.04434953,6.981139678,7.012744604,7.512744604
180,4.594861157,4.462270991,5.028566074,5.528566074,6.697163929,6.564573763,7.130868846,7.630868846
181,4.833871015,3.825577328,4.829724171,5.329724171,6.555778641,5.547484954,6.551631798,7.051631798
182,5.168482988,3.382463465,4.775473226,5.275473226,7.32497254,5.538953017,6.931962779,7.431962779
183,4.398487537,5.559884906,5.479186222,5.979186222,6.231068684,7.392466053,7.311767369,7.811767369
184,5.848264742,5.93341392,6.390839331,6.890839331,8.340517533,8.425666712,8.883092122,9.383092122
185,4.823687862,3.006319589,4.415003725,4.915003725,6.969150648,5.151782376,6.560466512,7.060466512
186,5.721895173,5.738147703,6.230021438,6.730021438,7.858530849,7.87478338,8.366657114,8.866657114
187,6.391372829,5.520050021,6.455711425,6.955711425,7.227142005,6.355819197,7.291480601,7.791480601
188,7.618231689,8.932720723,8.775476206,9.275476206,9.847446178,11.16193521,11.0046907,11.5046907
189,5.368211756,5.902459343,6.13533555,6.63533555,7.465353129,7.999600717,8.232476923,8.732476923
190,2.25104898,1.070163095,2.160606037,2.660606037,3.93460574,2.753719856,3.844162798,4.344162798
191,4.806529173,4.323891363,5.065210268,5.565210268,6.899606237,6.416968426,7.158287331,7.658287331
192,4.144536524,3.812800742,4.478668633,4.978668633,5.908494308,5.576758526,6.242626417,6.742626417
193,5.142554813,3.838240013,4.990397413,5.490397413,7.288503411,5.984188611,7.136346011,7.636346011
194,4.50521702,3.821449726,4.663333373,5.163333373,5.785366863,5.101599569,5.943483216,6.443483216
195,4.022539005,4.289258784,4.655898895,5.155898895,6.275106265,6.541826044,6.908466155,7.408466155
196,5.001208003,3.669580783,4.835394393,5.335394393,7.083727937,5.752100717,6.917914327,7.417914327
197,5.512366962,5.029435174,5.770901068,6.270901068,7.886384415,7.403452626,8.14491852,8.64491852
198,4.609850094,6.386843766,5.99834693,6.49834693,5.78863991,7.565633582,7.177136746,7.677136746
199,4.227197742,4.841917696,5.034557719,5.534557719,5.935574846,6.550294801,6.742934824,7.242934824
200,4.798819697,6.756672848,6.277746272,6.777746272,7.148717816,9.106570966,8.627644391,9.127644391
201,4.338891209,4.055468753,4.697179981,5.197179981,6.941006853,6.657584397,7.299295625,7.799295625
202,5.235276567,4.823111806,5.529194187,6.029194187,6.931638662,6.519473901,7.225556281,7.725556281
203,3.79157116,4.702625528,4.747098344,5.247098344,5.910820616,6.821874983,6.866347799,7.366347799
204,4.490334986,4.2307044,4.860519693,5.360519693,6.267794089,6.008163504,6.637978796,7.137978796
205,7.77556084,6.762906089,7.769233464,8.269233464,9.006613776,7.993959025,9.0002864,9.5002864
206,5.156782594,6.151856612,6.154319603,6.654319603,6.660930151,7.656004168,7.65846716,8.15846716
207,4.367514714,4.457296206,4.91240546,5.41240546,6.333990186,6.423771679,6.878880933,7.378880933
208,6.484575929,6.39734171,6.940958819,7.440958819,8.466410247,8.379176029,8.922793138,9.422793138
209,4.204411636,3.490673033,4.347542334,4.847542334,6.339792386,5.626053783,6.482923085,6.982923085
210,5.650893377,5.899998022,6.275445699,6.775445699,8.365458279,8.614562923,8.990010601,9.490010601
211,4.962638584,4.324046407,5.143342495,5.643342495,6.855037429,6.216445251,7.03574134,7.53574134
212,6.650551539,7.175436297,7.412993918,7.912993918,8.815258429,9.340143186,9.577700808,10.07770081
213,5.885107557,4.840658142,5.86288285,6.36288285,7.271849102,6.227399686,7.249624394,7.749624394
214,4.672055284,3.940507412,4.806281348,5.306281348,6.752835703,6.021287831,6.887061767,7.387061767
215,6.182863652,7.134086344,7.158474998,7.658474998,8.111500797,9.062723489,9.087112143,9.587112143
216,3.444208221,1.634259139,3.03923368,3.53923368,4.294626057,2.484676975,3.889651516,4.389651516
217,4.124123024,3.176505631,4.150314327,4.650314327,5.357801491,4.410184098,5.383992795,5.883992795
218,4.81197905,6.014343202,5.913161126,6.413161126,6.708746627,7.911110779,7.809928703,8.309928703
219,5.396518028,3.87286833,5.134693179,5.634693179,7.178908799,5.655259101,6.91708395,7.41708395
220,4.954936406,5.476396576,5.715666491,6.215666491,6.831850799,7.353310969,7.592580884,8.092580884
221,5.493881184,5.588669684,6.041275434,6.541275434,7.581849806,7.676638305,8.129244056,8.629244056
222,4.283546816,3.741061236,4.512304026,5.012304026,6.436707982,5.894222402,6.665465192,7.165465192
223,5.118676854,5.461399154,5.790038004,6.290038004,6.743015299,7.085737599,7.414376449,7.914376449
224,5.231038002,6.232727623,6.231882812,6.731882812,6.797307231,7.798996852,7.798152041,8.298152041
225,5.952613807,5.819862903,6.386238355,6.886238355,7.762324483,7.629573578,8.195949031,8.695949031
226,4.945552798,5.189069248,5.567311023,6.067311023,6.831441649,7.0749581,7.453199875,7.953199875
227,6.223724508,6.838699863,7.031212185,7.531212185,7.965312555,8.58028791,8.772800233,9.272800233
228,5.666555993,5.301206285,5.983881139,6.483881139,8.208349421,7.842999713,8.525674567,9.025674567
229,4.832266031,6.862572381,6.347419206,6.847419206,6.677326418,8.707632768,8.192479593,8.692479593
230,7.031347868,7.172774167,7.602061018,8.102061018,8.625423764,8.766850063,9.196136914,9.696136914
231,6.109856584,3.98976087,5.549808727,6.049808727,8.255758752,6.135663039,7.695710895,8.195710895
232,4.140032904,4.586195567,4.863114235,5.363114235,6.367811397,6.81397406,7.090892728,7.590892728
233,5.725788891,6.548922092,6.637355491,7.137355491,7.78495289,8.60808609,8.69651949,9.19651949
234,2.641399941,1.780034546,2.710717243,3.210717243,4.19242515,3.331059755,4.261742453,4.761742453
235,4.485032476,6.562347643,6.023690059,6.523690059,7.250000505,9.327315672,8.788658089,9.288658089
236,4.790096499,3.921451138,4.855773819,5.355773819,6.595440909,5.726795548,6.661118229,7.161118229
237,3.772377858,5.82199749,5.297187674,5.797187674,5.548423218,7.59804285,7.073233034,7.573233034
238,3.339746711,1.319976401,2.829861556,3.329861556,4.715921079,2.696150769,4.206035924,4.706035924
239,3.587564478,3.999521621,4.29354305,4.79354305,6.234289144,6.646246287,6.940267715,7.440267715
240,6.066176328,6.268900065,6.667538196,7.167538196,8.849471667,9.052195405,9.450833536,9.950833536
241,4.44253518,5.834634524,5.638584852,6.138584852,6.949481603,8.341580947,8.145531275,8.645531275
242,6.746098657,8.282767922,8.014433289,8.514433289,8.445124492,9.981793757,9.713459124,10.21345912
243,4.843190602,4.734463393,5.288826998,5.788826998,6.509581632,6.400854423,6.955218027,7.455218027
244,5.236098509,4.017468142,5.126783326,5.626783326,6.676979453,5.458349086,6.56766427,7.06766427
245,6.638213013,7.199974781,7.419093897,7.919093897,8.552240199,9.114001967,9.333121083,9.833121083
246,3.526909527,4.09829499,4.312602259,4.812602259,5.401202768,5.972588232,6.1868955,6.6868955
247,5.729639266,6.529470778,6.629555022,7.129555022,8.144417469,8.944248981,9.044333225,9.544333225
248,4.422299123,3.998656068,4.710477596,5.210477596,6.172611135,5.74896808,6.460789608,6.960789608
249,4.752298191,4.025714429,4.88900631,5.38900631,7.133626157,6.407042395,7.270334276,7.770334276
250,3.435832593,3.003558959,3.719695776,4.219695776,5.790801169,5.358527534,6.074664352,6.574664352
251,3.537896448,3.506070901,4.021983674,4.521983674,5.265328091,5.233502543,5.749415317,6.249415317
252,5.123630483,4.558909063,5.341269773,5.841269773,7.270177286,6.705455867,7.487816577,7.987816577
253,5.556315582,7.647862523,7.102089053,7.602089053,7.744993606,9.836540547,9.290767077,9.790767077
254,5.920677851,6.383872014,6.652274932,7.152274932,7.007578389,7.470772551,7.73917547,8.23917547
255,3.758862558,4.855469048,4.807165803,5.307165803,4.87984897,5.976455459,5.928152214,6.428152214
256,6.195797734,6.565846162,6.880821948,7.380821948,8.359379606,8.729428034,9.04440382,9.54440382
257,5.470891884,5.826082678,6.148487281,6.648487281,7.76069416,8.115884954,8.438289557,8.938289557
258,6.992717136,7.15821072,7.575463928,8.075463928,9.615161247,9.780654831,10.19790804,10.69790804
259,4.147272774,3.662709468,4.404991121,4.904991121,5.733814618,5.249251312,5.991532965,6.491532965
260,6.693088783,7.92049553,7.806792157,8.306792157,8.994645435,10.22205218,10.10834881,10.60834881
261,3.536085493,2.311844994,3.423965243,3.923965243,6.445978322,5.221737822,6.333858072,6.833858072
262,4.17597383,4.587159,4.881566415,5.381566415,6.145151903,6.556337073,6.850744488,7.350744488
263,4.294118026,3.74512915,4.519623588,5.019623588,6.172774981,5.623786105,6.398280543,6.898280543
264,5.749764462,5.900934142,6.325349302,6.825349302,7.319650082,7.470819762,7.895234922,8.395234922
265,4.435757033,6.343946626,5.88985183,6.38985183,7.141466783,9.049656375,8.595561579,9.095561579
266,5.285236684,3.817822414,5.051529549,5.551529549,7.34207886,5.87466459,7.108371725,7.608371725
267,5.032921014,5.265175193,5.649048103,6.149048103,6.56101349,6.793267669,7.17714058,7.67714058
268,5.42271859,5.923889783,6.173304186,6.673304186,8.064651973,8.565823166,8.81523757,9.31523757
269,4.859111172,5.032114571,5.445612872,5.945612872,5.813599509,5.986602908,6.400101208,6.900101208
270,5.322435995,4.34036369,5.331399843,5.831399843,6.940701482,5.958629177,6.949665329,7.449665329
271,4.511287599,5.450177656,5.480732628,5.980732628,6.728879678,7.667769735,7.698324706,8.198324706
272,5.043457351,3.921373827,4.982415589,5.482415589,6.68849375,5.566410226,6.627451988,7.127451988
273,5.497302866,5.582530596,6.039916731,6.539916731,8.107679798,8.192907528,8.650293663,9.150293663
274,5.938075446,6.273882239,6.605978843,7.105978843,8.487932721,8.823739514,9.155836117,9.655836117
275,4.556180075,6.527800281,6.041990178,6.541990178,5.860322831,7.831943037,7.346132934,7.846132934
276,4.127148558,4.547579573,4.837364066,5.337364066,5.627680382,6.048111397,6.33789589,6.83789589
277,5.618398536,4.439918651,5.529158594,6.029158594,7.825036351,6.646556467,7.735796409,8.235796409
278,5.805185324,8.155740278,7.480462801,7.980462801,8.335368376,10.68592333,10.01064585,10.51064585
279,5.750241844,3.132687247,4.941464546,5.441464546,7.461252272,4.843697675,6.652474974,7.152474974
280,5.163582629,6.859207364,6.511394996,7.011394996,7.527607545,9.22323228,8.875419913,9.375419913
281,4.883118748,5.550056669,5.716587709,6.216587709,6.828786,7.495723921,7.66225496,8.16225496
282,3.41182915,4.246988649,4.329408899,4.829408899,5.534555247,6.369714747,6.452134997,6.952134997
283,2.247078089,4.040561343,3.643819716,4.143819716,3.816159754,5.609643007,5.21290138,5.71290138
284,5.618090972,6.049921731,6.334006351,6.834006351,7.663093348,8.094924107,8.379008727,8.879008727
285,5.598185154,6.367941456,6.483063305,6.983063305,8.235578783,9.005335085,9.120456934,9.620456934
286,5.638998923,5.112074939,5.875536931,6.375536931,6.742811866,6.215887881,6.979349874,7.479349874
287,6.065540257,6.904088821,6.984814539,7.484814539,8.759697676,9.59824624,9.678971958,10.17897196
288,3.986454726,5.343782976,5.165118851,5.665118851,6.082175615,7.439503865,7.26083974,7.76083974
289,4.400025022,4.698632417,5.04932872,5.54932872,6.328008393,6.626615789,6.977312091,7.477312091
290,3.993815662,2.437313378,3.71556452,4.21556452,5.708379362,4.151877078,5.43012822,5.93012822
291,5.430627903,4.776406628,5.603517265,6.103517265,7.38152313,6.727301855,7.554412492,8.054412492
292,5.666405572,5.265694573,5.966050073,6.466050073,7.116081068,6.71537007,7.415725569,7.915725569
293,3.661978152,3.822028811,4.242003482,4.742003482,5.106184563,5.266235223,5.686209893,6.186209893
294,3.827625798,4.38144165,4.604533724,5.104533724,6.0569057,6.610721553,6.833813626,7.333813626
295,6.038421081,4.266081467,5.652251274,6.152251274,7.886943395,6.114603781,7.500773588,8.000773588
296,3.902997627,3.769449135,4.336223381,4.836223381,5.066042546,4.932494054,5.4992683,5.9992683
297,3.970181269,4.291226041,4.630703655,5.130703655,7.142140097,7.463184869,7.802662483,8.302662483
298,4.979567084,4.811271945,5.395419514,5.895419514,6.762011422,6.593716283,7.177863852,7.677863852
299,4.287531704,6.089660065,5.688595885,6.188595885,6.484495702,8.286624063,7.885559883,8.385559883
300,5.795246411,3.809880943,5.302563677,5.802563677,8.628278992,6.642913523,8.135596258,8.635596258
301,5.685676712,5.598234761,6.141955736,6.641955736,8.158849373,8.071407422,8.615128398,9.115128398
302,4.87719712,4.721292593,5.299244857,5.799244857,6.895765764,6.739861236,7.3178135,7.8178135
303,5.719171248,6.689642227,6.704406738,7.204406738,7.415192075,8.385663055,8.400427565,8.900427565
304,5.723907028,5.72296604,6.223436534,6.723436534,7.892778887,7.891837899,8.392308393,8.892308393
305,4.041378875,5.513588179,5.277483527,5.777483527,5.963137991,7.435347295,7.199242643,7.699242643
306,5.250808821,5.399562362,5.825185591,6.325185591,6.956609418,7.105362959,7.530986188,8.030986188
307,3.185860808,2.401009718,3.293435263,3.793435263,5.233328356,4.448477266,5.340902811,5.840902811
308,6.398810925,6.234153026,6.816481976,7.316481976,8.467763822,8.303105923,8.885434873,9.385434873
309,4.005541261,3.809759473,4.407650367,4.907650367,6.080348037,5.884566249,6.482457143,6.982457143
310,5.790279834,6.109485938,6.449882886,6.949882886,7.684827997,8.004034101,8.344431049,8.844431049
311,3.180245533,3.033580645,3.606913089,4.106913089,5.668884205,5.522219318,6.095551762,6.595551762
312,4.733115497,5.808031897,5.770573697,6.270573697,6.049791563,7.124707963,7.087249763,7.587249763
313,5.656735226,5.112651586,5.884693406,6.384693406,7.555422704,7.011339064,7.783380884,8.283380884
314,5.627678313,6.009587932,6.318633123,6.818633123,8.090210887,8.472120507,8.781165697,9.281165697
315,5.395109546,5.861494345,6.128301946,6.628301946,7.468274987,7.934659787,8.201467387,8.701467387
316,4.427184939,4.682703624,5.054944282,5.554944282,6.530290472,6.785809158,7.158049815,7.658049815
317,7.097707412,7.23815346,7.667930436,8.167930436,9.89539311,10.03583916,10.46561613,10.96561613
318,4.538930545,5.023899449,5.281414997,5.781414997,7.374832338,7.859801242,8.11731679,8.61731679
319,5.669347544,7.903468814,7.286408179,7.786408179,8.462570166,10.69669144,10.0796308,10.5796308
320,4.836050635,4.382842713,5.109446674,5.609446674,6.65961373,6.206405809,6.93300977,7.43300977
321,5.420038549,5.060211443,5.740124996,6.240124996,8.004424408,7.644597302,8.324510855,8.824510855
322,4.858667723,5.911205688,5.884936705,6.384936705,6.82739586,7.879933825,7.853664843,8.353664843
323,5.371114563,6.688103253,6.529608908,7.029608908,7.986642072,9.303630762,9.145136417,9.645136417
324,3.629036463,5.460922434,5.044979449,5.544979449,5.628629068,7.460515039,7.044572054,7.544572054
325,4.034076168,4.715737828,4.874906998,5.374906998,6.315841376,6.997503035,7.156672205,7.656672205
326,4.086089179,3.701046179,4.393567679,4.893567679,5.97350587,5.588462871,6.28098437,6.78098437
327,3.386370372,3.060175534,3.723272953,4.223272953,5.954465466,5.628270629,6.291368048,6.791368048
328,4.040654677,5.315145166,5.177899922,5.677899922,5.859109108,7.133599596,6.996354352,7.496354352
329,5.122469418,6.387484907,6.254977163,6.754977163,5.74614967,7.011165158,6.878657414,7.378657414
330,4.962822518,4.878663307,5.420742912,5.920742912,6.591043186,6.506883976,7.048963581,7.548963581
331,5.542790794,4.278941372,5.410866083,5.910866083,8.275398697,7.011549276,8.143473986,8.643473986
332,4.874694823,3.368086451,4.621390637,5.121390637,8.120535282,6.61392691,7.867231096,8.367231096
333,6.145105299,4.51409925,5.829602274,6.329602274,7.965510447,6.334504398,7.650007422,8.150007422
334,5.074330212,4.068144794,5.071237503,5.571237503,7.796262123,6.790076704,7.793169414,8.293169414
335,5.321885353,4.72666295,5.524274151,6.024274151,7.89721548,7.301993078,8.099604279,8.599604279
336,6.520980696,6.905926689,7.213453693,7.713453693,8.064721179,8.449667172,8.757194176,9.257194176
337,5.509327815,6.030477907,6.269902861,6.769902861,6.896863362,7.418013454,7.657438408,8.157438408
338,4.160421415,5.667429899,5.413925657,5.913925657,5.891489516,7.398497999,7.144993757,7.644993757
339,4.300989347,6.775853401,6.038421374,6.538421374,6.86973614,9.344600194,8.607168167,9.107168167
340,3.531630559,2.835019846,3.683325202,4.183325202,5.678111495,4.981500781,5.829806138,6.329806138
341,5.4257213,4.536664654,5.481192977,5.981192977,6.670864786,5.78180814,6.726336463,7.226336463
342,5.014500546,5.005994672,5.510247609,6.010247609,6.994916938,6.986411064,7.490664001,7.990664001
343,4.564061733,3.086161654,4.325111693,4.825111693,6.563488508,5.085588429,6.324538468,6.824538468
344,4.957416435,6.157749039,6.057582737,6.557582737,7.260669578,8.461002182,8.36083588,8.86083588
345,3.794062573,3.258180511,4.026121542,4.526121542,5.412132234,4.876250172,5.644191203,6.144191203
346,6.607344906,4.905788019,6.256566463,6.756566463,8.279969621,6.578412734,7.929191177,8.429191177
347,3.429125017,4.835004482,4.632064749,5.132064749,5.257018523,6.662897988,6.459958255,6.959958255
348,4.73722656,4.558201684,5.147714122,5.647714122,6.555931092,6.376906216,6.966418654,7.466418654
349,5.064145172,5.430715688,5.74743043,6.24743043,7.648423771,8.014994287,8.331709029,8.831709029
350,4.116398575,3.42156419,4.268981383,4.768981383,6.385528119,5.690693734,6.538110927,7.038110927
351,4.51763038,5.119137755,5.318384068,5.818384068,6.668830777,7.270338152,7.469584465,7.969584465
352,5.721841678,6.6641569,6.692999289,7.192999289,7.089718927,8.032034149,8.060876538,8.560876538
353,3.403979293,3.659495717,4.031737505,4.531737505,5.15458805,5.410104474,5.782346262,6.282346262
354,6.015888164,6.159964564,6.587926364,7.087926364,7.96736625,8.11144265,8.53940445,9.03940445
355,4.050174241,2.353148506,3.701661373,4.201661373,6.577743385,4.88071765,6.229230517,6.729230517
356,5.995681759,5.191613053,6.093647406,6.593647406,8.146277016,7.34220831,8.244242663,8.744242663
357,4.601983625,3.531503665,4.566743645,5.066743645,6.769769305,5.699289345,6.734529325,7.234529325
358,4.706045399,3.723538865,4.714792132,5.214792132,6.993494198,6.010987665,7.002240931,7.502240931
359,4.467596845,4.813936426,5.140766635,5.640766635,6.520364104,6.866703684,7.193533894,7.693533894
360,5.524470642,3.747179422,5.135825032,5.635825032,7.224287823,5.446996603,6.835642213,7.335642213
361,4.209221749,2.759765124,3.984493437,4.484493437,6.226072537,4.776615912,6.001344224,6.501344224
362,5.007681457,4.530859553,5.269270505,5.769270505,6.975773967,6.498952063,7.237363015,7.737363015
363,6.215265572,4.977384072,6.096324822,6.596324822,8.143069491,6.905187991,8.024128741,8.524128741
364,4.134015269,2.987796797,4.060906033,4.560906033,6.264628183,5.118409711,6.191518947,6.691518947
365,6.126383375,6.045027159,6.585705267,7.085705267,8.78333667,8.701980454,9.242658562,9.742658562
366,5.661199894,6.379623848,6.520411871,7.020411871,7.474801857,8.193225811,8.334013834,8.834013834
367,6.026175973,5.061022497,6.043599235,6.543599235,8.252362268,7.287208792,8.26978553,8.76978553
368,4.070681942,3.988333445,4.529507693,5.029507693,5.218539306,5.13619081,5.677365058,6.177365058
369,5.015311155,5.449326013,5.732318584,6.232318584,6.543309523,6.977324381,7.260316952,7.760316952
370,4.429148766,4.630724297,5.029936532,5.529936532,6.953300026,7.154875556,7.554087791,8.054087791
371,5.919804626,6.308848406,6.614326516,7.114326516,8.257699514,8.646743294,8.952221404,9.452221404
372,4.224553286,3.894790743,4.559672015,5.059672015,6.432236745,6.102474202,6.767355474,7.267355474
373,5.099631656,6.109822619,6.104727137,6.604727137,7.637117508,8.647308471,8.642212989,9.142212989
374,4.127053787,4.127303629,4.627178708,5.127178708,6.43813509,6.438384932,6.938260011,7.438260011
375,6.358596605,6.522617122,6.940606864,7.440606864,8.25660161,8.420622127,8.838611868,9.338611868
376,5.815272507,6.821055202,6.818163854,7.318163854,8.27253669,9.278319386,9.275428038,9.775428038
377,4.91387745,4.170831275,5.042354362,5.542354362,6.558473652,5.815427478,6.686950565,7.186950565
378,4.590801953,3.587550482,4.589176218,5.089176218,6.990868655,5.987617185,6.98924292,7.48924292
379,5.671917576,3.84458285,5.258250213,5.758250213,8.295722962,6.468388236,7.882055599,8.382055599
380,4.487740751,5.794515473,5.641128112,6.141128112,6.335977023,7.642751745,7.489364384,7.989364384
381,5.499292705,5.790465913,6.144879309,6.644879309,8.520029156,8.811202364,9.16561576,9.66561576
382,1.746706868,1.175106856,1.960906862,2.460906862,4.293054439,3.721454427,4.507254433,5.007254433
383,4.321776259,3.696915923,4.509346091,5.009346091,6.43916572,5.814305385,6.626735553,7.126735553
384,3.331865087,2.356516891,3.344190989,3.844190989,5.45386534,4.478517145,5.466191242,5.966191242
385,2.536292813,1.779898163,2.658095488,3.158095488,4.781882023,4.025487372,4.903684698,5.403684698
386,3.459641613,4.443424607,4.45153311,4.95153311,6.164080959,7.147863952,7.155972455,7.655972455
387,5.684119458,6.132261875,6.408190666,6.908190666,7.339542757,7.787685174,8.063613966,8.563613966
388,4.279529435,4.589808027,4.934668731,5.434668731,6.613080473,6.923359065,7.268219769,7.768219769
389,2.847527737,2.322262447,3.084895092,3.584895092,5.514238475,4.988973185,5.75160583,6.25160583
390,6.270155568,5.883820777,6.576988172,7.076988172,8.501613152,8.115278361,8.808445757,9.308445757
391,5.080448388,3.717051721,4.898750054,5.398750054,6.523269029,5.159872362,6.341570695,6.841570695
392,5.787008224,5.021845989,5.904427106,6.404427106,6.913904672,6.148742437,7.031323554,7.531323554
393,4.369979118,3.318758931,4.344369025,4.844369025,6.653601671,5.602381483,6.627991577,7.127991577
394,5.210724735,5.835225331,6.022975033,6.522975033,6.309860595,6.934361191,7.122110893,7.622110893
395,5.565925335,3.6819639,5.123944617,5.623944617,7.443437251,5.559475817,7.001456534,7.501456534
396,5.853712062,5.681374721,6.267543392,6.767543392,8.743807425,8.571470083,9.157638754,9.657638754
397,6.666130689,8.681840605,8.173985647,8.673985647,9.366107051,11.38181697,10.87396201,11.37396201
398,4.964883825,4.824682067,5.394782946,5.894782946,6.972717294,6.832515536,7.402616415,7.902616415
399,2.978924459,4.905039747,4.441982103,4.941982103,4.790230201,6.716345488,6.253287845,6.753287845
400,5.251061184,5.214498935,5.732780059,6.232780059,6.716950979,6.68038873,7.198669855,7.698669855
401,4.209493647,3.508925923,4.359209785,4.859209785,6.108207225,5.407639501,6.257923363,6.757923363
402,5.024521739,1.932507715,3.978514727,4.478514727,6.833260627,3.741246603,5.787253615,6.287253615
403,4.954528389,4.565939004,5.260233696,5.760233696,7.920593907,7.532004522,8.226299215,8.726299215
404,5.425548228,5.815545046,6.120546637,6.620546637,7.442897021,7.832893838,8.13789543,8.63789543
405,3.113848224,3.794523155,3.954185689,4.454185689,5.417986364,6.098661295,6.25832383,6.75832383
406,5.185915734,5.228535687,5.707225711,6.207225711,6.133059408,6.175679361,6.654369384,7.154369384
407,7.068858858,5.410690907,6.739774882,7.239774882,9.095160136,7.436992185,8.76607616,9.26607616
408,6.791553971,6.293154308,7.04235414,7.54235414,8.538032274,8.039632612,8.788832443,9.288832443
409,3.898322783,3.945731775,4.422027279,4.922027279,6.760420285,6.807829278,7.284124782,7.784124782
410,5.438835128,5.938144563,6.188489846,6.688489846,7.862319485,8.36162892,8.611974203,9.111974203
411,4.049051978,3.752386035,4.400719006,4.900719006,6.21416708,5.917501137,6.565834108,7.065834108
412,3.932607761,4.08451264,4.5085602,5.0085602,5.939085874,6.090990753,6.515038313,7.015038313
413,6.665617925,7.124737236,7.395177581,7.895177581,7.896130054,8.355249366,8.62568971,9.12568971
414,4.737821337,6.612092786,6.174957061,6.674957061,6.628995824,8.503267273,8.066131548,8.566131548
415,5.010777027,3.171835893,4.59130646,5.09130646,6.863008063,5.02406693,6.443537497,6.943537497
416,4.506579289,4.723526866,5.115053078,5.615053078,6.414467431,6.631415007,7.022941219,7.522941219
417,5.954786721,7.787428967,7.371107844,7.871107844,8.618899872,10.45154212,10.03522099,10.53522099
418,5.844979596,6.029817009,6.437398303,6.937398303,7.290771716,7.475609129,7.883190423,8.383190423
419,4.005781848,2.697473693,3.851627771,4.351627771,6.919788264,5.611480109,6.765634187,7.265634187
420,3.628023554,4.314425391,4.471224473,4.971224473,5.548529141,6.234930978,6.391730059,6.891730059
421,4.769033332,4.238975048,5.00400419,5.50400419,6.762896123,6.232837839,6.997866981,7.497866981
422,6.424071625,5.292708718,6.358390172,6.858390172,9.047248056,7.915885149,8.981566603,9.481566603
423,5.340426659,5.656220884,5.998323771,6.498323771,7.442849521,7.758643746,8.100746634,8.600746634
424,4.762167728,4.334938865,5.048553296,5.548553296,6.355802597,5.928573733,6.642188165,7.142188165
425,5.694722353,5.505974573,6.100348463,6.600348463,8.079296106,7.890548326,8.484922216,8.984922216
426,5.382915791,4.92558662,5.654251205,6.154251205,8.565689564,8.108360393,8.837024979,9.337024979
427,5.640615727,5.610698601,6.125657164,6.625657164,7.636441651,7.606524526,8.121483089,8.621483089
428,7.236279324,9.056415427,8.646347375,9.146347375,10.15320937,11.97334547,11.56327742,12.06327742
429,3.299160068,3.323347709,3.811253889,4.311253889,5.098337203,5.122524844,5.610431024,6.110431024
430,3.6828483,3.689298407,4.186073353,4.686073353,5.863054933,5.869505039,6.366279986,6.866279986
431,6.213939635,5.005215979,6.109577807,6.609577807,8.901749689,7.693026033,8.797387861,9.297387861
432,5.321245865,4.792009627,5.556627746,6.056627746,7.069625672,6.540389433,7.305007552,7.805007552
433,5.647999424,7.807620623,7.227810024,7.727810024,6.799060055,8.958681255,8.378870655,8.878870655
434,6.923650978,5.601481881,6.76256643,7.26256643,8.83131557,7.509146474,8.670231022,9.170231022
435,4.481231748,5.834739137,5.657985442,6.157985442,6.359331995,7.712839384,7.536085689,8.036085689
436,4.531798908,6.006193071,5.76899599,6.26899599,6.500425878,7.974820041,7.73762296,8.23762296
437,7.19556744,5.145636338,6.670601889,7.170601889,8.838734755,6.788803653,8.313769204,8.813769204
438,5.183217822,8.262929498,7.22307366,7.72307366,6.925216952,10.00492863,8.96507279,9.46507279
439,4.847601456,4.001350377,4.924475916,5.424475916,6.9762279,6.129976821,7.05310236,7.55310236
440,5.422859324,4.649899357,5.536379341,6.036379341,7.977402036,7.20444207,8.090922053,8.590922053
441,5.217291241,6.339547405,6.278419323,6.778419323,7.186088,8.308344164,8.247216082,8.747216082
442,6.299733674,5.859384026,6.57955885,7.07955885,8.905736911,8.465387263,9.185562087,9.685562087
443,5.354345041,4.930490028,5.642417535,6.142417535,7.753867735,7.330012723,8.041940229,8.541940229
444,6.159753805,7.074084643,7.116919224,7.616919224,7.865286035,8.779616873,8.822451454,9.322451454
445,4.754996689,5.059737952,5.40736732,5.90736732,6.886572423,7.191313686,7.538943055,8.038943055
446,4.893170295,2.584505026,4.23883766,4.73883766,7.209296002,4.900630734,6.554963368,7.054963368
447,6.336698016,6.380445466,6.858571741,7.358571741,8.665979084,8.709726534,9.187852809,9.687852809
448,5.521281361,4.237122787,5.379202074,5.879202074,7.365420742,6.081262169,7.223341456,7.723341456
449,6.066380814,6.69866613,6.882523472,7.382523472,8.057329069,8.689614386,8.873471728,9.373471728
450,3.83559194,4.689134142,4.762363041,5.262363041,5.821743896,6.675286098,6.748514997,7.248514997
451,3.851366761,4.881247232,4.866306997,5.366306997,4.455904341,5.485784811,5.470844576,5.970844576
452,4.644725308,4.525224094,5.084974701,5.584974701,6.389815117,6.270313903,6.83006451,7.33006451
453,3.208822595,3.468420685,3.83862164,4.33862164,4.815005379,5.074603468,5.444804424,5.944804424
454,5.113785374,4.794228445,5.454006909,5.954006909,6.980094891,6.660537963,7.320316427,7.820316427
455,2.956453077,3.177656605,3.567054841,4.067054841,4.653941322,4.875144851,5.264543086,5.764543086
456,4.051659096,3.692518353,4.372088725,4.872088725,6.92669394,6.567553197,7.247123568,7.747123568
457,4.947642747,5.233411263,5.590527005,6.090527005,7.079214958,7.364983474,7.722099216,8.222099216
458,5.275075242,6.79185531,6.533465276,7.033465276,7.374706059,8.891486126,8.633096093,9.133096093
459,2.721204244,1.59859957,2.659901907,3.159901907,4.545778047,3.423173373,4.48447571,4.98447571
460,4.224062575,5.301706832,5.262884703,5.762884703,6.153129647,7.230773903,7.191951775,7.691951775
461,5.114013094,4.99597522,5.554994157,6.054994157,6.798306369,6.680268496,7.239287433,7.739287433
462,3.36813488,2.377638492,3.372886686,3.872886686,5.483451352,4.492954964,5.488203158,5.988203158
463,5.908513198,7.515955296,7.212234247,7.712234247,8.638104422,10.24554652,9.941825471,10.44182547
464,5.993929397,7.148986636,7.071458017,7.571458017,8.964922628,10.11997987,10.04245125,10.54245125
465,3.052440117,4.137845399,4.095142758,4.595142758,5.457033405,6.542438687,6.499736046,6.999736046
466,6.280838727,8.550861289,7.915850008,8.415850008,8.692435146,10.96245771,10.32744643,10.82744643
467,4.536214268,3.432539941,4.484377105,4.984377105,6.889287728,5.785613401,6.837450564,7.337450564
468,6.238968738,6.317772035,6.778370386,7.278370386,8.131407603,8.210210899,8.670809251,9.170809251
469,5.031637768,6.061962631,6.0468002,6.5468002,6.15048187,7.180806733,7.165644302,7.665644302
470,5.189622445,4.723244408,5.456433427,5.956433427,6.654216981,6.187838945,6.921027963,7.421027963
471,5.617451419,4.210674996,5.414063207,5.914063207,7.290428576,5.883652152,7.087040364,7.587040364
472,6.025679681,5.871953795,6.448816738,6.948816738,8.467282354,8.313556468,8.890419411,9.390419411
473,5.519183089,5.706792337,6.112987713,6.612987713,6.593159705,6.780768953,7.186964329,7.686964329
474,5.380712086,6.705326478,6.543019282,7.043019282,6.958632265,8.283246658,8.120939461,8.620939461
475,4.66330976,4.66399949,5.163654625,5.663654625,6.577306387,6.577996118,7.077651252,7.577651252
476,4.798771636,4.817631727,5.308201682,5.808201682,6.243071684,6.261931775,6.752501729,7.252501729
477,5.203895462,6.924652535,6.564273999,7.064273999,7.357450588,9.078207662,8.717829125,9.217829125
478,4.054422982,4.453209811,4.753816396,5.253816396,5.521621936,5.920408765,6.221015351,6.721015351
479,5.745287355,5.868747581,6.307017468,6.807017468,8.134951602,8.258411828,8.696681715,9.196681715
480,2.861482006,1.502658606,2.682070306,3.182070306,5.095598962,3.736775562,4.916187262,5.416187262
481,5.21786631,6.439978604,6.328922457,6.828922457,7.387672538,8.609784832,8.498728685,8.998728685
482,4.610714117,5.012220951,5.311467534,5.811467534,7.002522077,7.404028911,7.703275494,8.203275494
483,4.166723144,3.311943612,4.239333378,4.739333378,6.421414946,5.566635415,6.49402518,6.99402518
484,4.510825171,5.442282918,5.476554045,5.976554045,7.112490273,8.04394802,8.078219147,8.578219147
485,5.576177172,6.125979075,6.351078123,6.851078123,7.289606169,7.839408072,8.064507121,8.564507121
486,5.361437054,6.156725461,6.259081257,6.759081257,7.863606216,8.658894623,8.761250419,9.261250419
487,4.512155867,5.820688344,5.666422105,6.166422105,5.595987467,6.904519944,6.750253705,7.250253705
488,4.987580546,5.296417389,5.641998968,6.141998968,6.886366978,7.195203821,7.5407854,8.0407854
489,5.644226992,4.113955176,5.379091084,5.879091084,7.0988804,5.568608584,6.833744492,7.333744492
490,5.212730099,6.364602236,6.288666168,6.788666168,7.683492613,8.83536475,8.759428682,9.259428682
491,3.748559887,4.526073074,4.63731648,5.13731648,5.398268495,6.175781681,6.287025088,6.787025088
492,6.045458132,5.246940765,6.146199449,6.646199449,8.542594336,7.74407697,8.643335653,9.143335653
493,5.709832341,3.528634068,5.119233204,5.619233204,8.022108696,5.840910423,7.43150956,7.93150956
494,4.217087163,3.163572445,4.190329804,4.690329804,5.589026962,4.535512243,5.562269603,6.062269603
495,4.274681501,4.742276895,5.008479198,5.508479198,7.213034834,7.680630228,7.946832531,8.446832531
496,4.642110759,4.646873843,5.144492301,5.644492301,6.987121285,6.991884368,7.489502826,7.989502826
497,6.5428217,7.236964768,7.389893234,7.889893234,9.366796195,10.06093926,10.21386773,10.71386773
498,5.129636961,6.211219774,6.170428368,6.670428368,7.648958013,8.730540826,8.68974942,9.18974942
499,4.523229399,3.088973521,4.30610146,4.80610146,6.406737201,4.972481323,6.189609262,6.689609262
500,4.150131758,4.809980842,4.9800563,5.4800563,5.951021233,6.610870318,6.780945776,7.280945776
